tahun,kode_kab,nama_kab,nama_prov,persen_miskin,jumlah_miskin,jumlah_miskin_ribu,P1,P2,IPM,UHH,HLS,RLS,pengeluaran_perkapita,pdrb_perkapita
2024,1101,Aceh Selatan,Aceh,12.02,30530.0,30.53,1.57,0.31,71.82,70.49,14.71,8.92,9190,30853
2024,1102,Aceh Tenggara,Aceh,11.99,27280.0,27.28,1.64,0.35,73.59,72.75,14.47,10.1,8876,28742
2024,1103,Aceh Timur,Aceh,13.26,60860.0,60.86,2.04,0.46,71.29,72.24,13.08,8.48,9889,33666
2024,1104,Aceh Tengah,Aceh,14.27,31850.0,31.85,2.12,0.48,77.27,73.04,15.03,10.03,11805,47284
2024,1105,Aceh Barat,Aceh,17.6,38790.0,38.79,3.02,0.75,75.45,72.03,14.93,9.99,10548,67938
2024,1106,Aceh Besar,Aceh,13.21,58980.0,58.98,1.88,0.47,76.57,73.24,14.77,10.37,10810,42993
2024,1107,Pidie,Aceh,18.59,86890.0,86.89,2.14,0.42,73.6,69.99,14.52,9.04,11187,32150
2024,1108,Aceh Utara,Aceh,16.11,104490.0,104.49,2.78,0.7,73.35,72.75,14.75,9.11,9374,47628
2024,1109,Simeulue,Aceh,17.69,17590.0,17.59,2.62,0.6,70.95,69.69,14.53,9.89,8106,31944
2024,1110,Aceh Singkil,Aceh,19.06,24840.0,24.84,3.06,0.74,71.76,69.96,14.36,8.72,9862,25361
2024,1111,Bireuen,Aceh,12.1,59930.0,59.93,1.69,0.37,75.39,73.82,14.88,9.59,10150,40039
2024,1112,Aceh Barat Daya,Aceh,15.32,24440.0,24.44,2.31,0.46,71.16,70.63,13.69,8.78,9559,33721
2024,1113,Gayo Lues,Aceh,18.3,17930.0,17.93,2.76,0.63,71.75,69.92,14.59,8.44,9967,33552
2024,1114,Aceh Jaya,Aceh,12.25,12240.0,12.24,1.39,0.28,73.4,70.89,14.06,9.02,11007,36357
2024,1115,Nagan Raya,Aceh,16.94,29600.0,29.6,2.3,0.45,73.1,72.67,14.18,9.25,9523,70463
2024,1116,Aceh Tamiang,Aceh,12.17,37760.0,37.76,1.47,0.28,74.0,73.79,14.51,9.3,9529,37412
2024,1117,Bener Meriah,Aceh,18.18,28370.0,28.37,3.07,0.8,76.58,73.0,13.73,10.13,12360,37903
2024,1118,Pidie Jaya,Aceh,18.28,30950.0,30.95,3.14,0.73,76.39,73.31,15.01,9.59,11274,28383
2024,1171,Kota Banda Aceh,Aceh,6.95,19970.0,19.97,0.71,0.11,88.85,75.25,17.94,13.1,18100,98201
2024,1172,Kota Sabang,Aceh,14.58,5170.0,5.17,2.9,0.8,79.5,73.52,14.97,11.22,12625,42813
2024,1173,Kota Lhokseumawe,Aceh,10.44,22770.0,22.77,1.98,0.67,80.89,74.93,15.55,11.31,12694,59122
2024,1174,Kota Langsa,Aceh,10.33,19370.0,19.37,1.52,0.42,80.96,74.11,15.71,11.28,13133,37006
2024,1175,Kota Subulussalam,Aceh,16.38,13950.0,13.95,2.11,0.41,70.64,69.8,15.31,8.43,8491,27880
2024,1201,Tapanuli Tengah,Sumatera Utara,11.8,49210.0,49.21,1.33,0.21,73.34,71.96,13.5,8.92,11128,34619
2024,1202,Tapanuli Utara,Sumatera Utara,8.21,25510.0,25.51,1.27,0.35,77.48,74.36,13.74,10.31,12382,34494
2024,1203,Tapanuli Selatan,Sumatera Utara,6.92,19900.0,19.9,0.57,0.08,75.18,71.77,13.72,9.56,12213,67227
2024,1204,Nias,Sumatera Utara,14.89,21740.0,21.74,1.64,0.34,66.13,71.89,13.31,6.4,7698,34085
2024,1205,Langkat,Sumatera Utara,9.04,96540.0,96.54,1.18,0.26,74.85,74.39,13.28,8.74,12080,57859
2024,1206,Karo,Sumatera Utara,7.37,33440.0,33.44,0.81,0.18,77.49,74.39,13.26,10.12,13278,67690
2024,1207,Deli Serdang,Sumatera Utara,3.44,84240.0,84.24,0.41,0.12,77.56,73.81,13.4,10.29,13279,73934
2024,1208,Simalungun,Sumatera Utara,7.72,68050.0,68.05,0.75,0.12,75.88,74.3,13.09,9.73,12119,56003
2024,1209,Asahan,Sumatera Utara,8.12,61340.0,61.34,1.15,0.29,74.17,73.65,12.65,8.85,12301,70611
2024,1210,Labuhanbatu,Sumatera Utara,7.84,42450.0,42.45,0.83,0.13,75.2,73.13,13.26,9.5,12102,97593
2024,1211,Dairi,Sumatera Utara,7.1,20400.0,20.4,0.79,0.15,75.88,74.38,13.53,9.89,11355,38398
2024,1212,Toba,Sumatera Utara,8.07,15030.0,15.03,0.89,0.17,78.44,74.54,13.6,10.77,12960,47455
2024,1213,Mandailing Natal,Sumatera Utara,8.69,40560.0,40.56,1.11,0.21,73.44,71.88,13.87,9.11,10644,40129
2024,1214,Nias Selatan,Sumatera Utara,16.32,54480.0,54.48,2.62,0.6,65.87,71.77,12.92,6.52,7730,23409
2024,1215,Pakpak Bharat,Sumatera Utara,6.87,3730.0,3.73,0.8,0.11,73.09,72.95,13.91,9.73,9158,30576
2024,1216,Humbang Hasundutan,Sumatera Utara,8.44,16780.0,16.78,0.78,0.09,73.33,74.27,13.46,10.13,8844,39949
2024,1217,Samosir,Sumatera Utara,11.63,14850.0,14.85,0.98,0.15,73.77,74.35,13.52,9.61,9634,42639
2024,1218,Serdang Bedagai,Sumatera Utara,6.97,43000.0,43.0,1.11,0.28,74.15,73.39,12.65,9.12,12015,60743
2024,1219,Batu Bara,Sumatera Utara,10.94,47660.0,47.66,1.5,0.3,73.14,72.97,13.12,8.51,11373,108189
2024,1220,Padang Lawas Utara,Sumatera Utara,8.97,27210.0,27.21,1.33,0.29,74.16,71.74,13.54,9.82,10925,63548
2024,1221,Padang Lawas,Sumatera Utara,7.87,24960.0,24.96,1.12,0.3,73.1,71.67,13.87,9.63,9821,65288
2024,1222,Labuhanbatu Selatan,Sumatera Utara,7.73,29190.0,29.19,0.93,0.16,75.11,72.71,13.53,9.19,12353,124517
2024,1223,Labuhanbatu Utara,Sumatera Utara,8.98,34000.0,34.0,0.89,0.14,76.2,74.23,13.58,9.14,12839,89497
2024,1224,Nias Utara,Sumatera Utara,21.5,30530.0,30.53,4.34,1.28,66.42,72.3,13.37,7.05,7189,30190
2024,1225,Nias Barat,Sumatera Utara,22.68,18780.0,18.78,1.76,0.2,65.66,72.55,12.99,7.26,6740,26031
2024,1271,Kota Medan,Sumatera Utara,7.94,187040.0,187.04,1.09,0.26,83.23,75.09,14.79,11.79,16069,132571
2024,1272,Kota Pematangsiantar,Sumatera Utara,7.2,18970.0,18.97,1.26,0.27,81.17,75.03,14.61,11.82,13349,62629
2024,1273,Kota Sibolga,Sumatera Utara,11.39,9990.0,9.99,1.7,0.37,77.52,74.19,13.43,10.45,12713,78494
2024,1274,Kota Tanjungbalai,Sumatera Utara,11.97,22250.0,22.25,1.6,0.33,75.95,74.18,13.15,9.69,12264,65758
2024,1275,Kota Binjai,Sumatera Utara,4.75,13860.0,13.86,0.69,0.14,78.67,74.45,14.18,11.2,12015,50750
2024,1276,Kota Tebing Tinggi,Sumatera Utara,8.79,15310.0,15.31,1.25,0.29,78.68,74.29,13.13,10.87,13900,43514
2024,1277,Kota Padangsidimpuan,Sumatera Utara,6.23,14880.0,14.88,0.77,0.12,78.61,73.73,14.62,11.13,11964,35727
2024,1278,Kota Gunungsitoli,Sumatera Utara,14.72,22160.0,22.16,1.99,0.38,72.3,74.23,13.79,8.76,9056,50415
2024,1301,Pesisir Selatan,Sumatera Barat,7.49,36050.0,36.05,0.74,0.11,72.87,73.44,13.37,8.81,10211,35865
2024,1302,Solok,Sumatera Barat,7.31,28180.0,28.18,1.09,0.3,72.29,72.52,13.56,7.91,10988,44727
2024,1303,Sijunjung,Sumatera Barat,5.78,14990.0,14.99,0.71,0.13,72.88,72.89,12.76,8.62,11395,50993
2024,1304,Tanah Datar,Sumatera Barat,4.28,15000.0,15.0,0.44,0.07,76.49,74.26,15.05,9.29,11223,45268
2024,1305,Padang Pariaman,Sumatera Barat,6.27,26760.0,26.76,0.78,0.19,74.9,73.88,14.2,8.42,11756,58687
2024,1306,Agam,Sumatera Barat,6.83,34820.0,34.82,0.5,0.07,75.08,74.39,14.16,9.23,10686,49994
2024,1307,Lima Puluh Kota,Sumatera Barat,6.92,27720.0,27.72,0.77,0.16,72.51,73.42,13.42,8.13,10648,52107
2024,1308,Pasaman,Sumatera Barat,6.74,20010.0,20.01,0.79,0.13,70.61,72.36,13.52,8.14,9194,38136
2024,1309,Kepulauan Mentawai,Sumatera Barat,13.89,14190.0,14.19,1.6,0.35,66.67,71.21,12.91,8.03,7192,67574
2024,1310,Dharmasraya,Sumatera Barat,5.32,15250.0,15.25,0.64,0.15,74.82,74.25,12.89,8.98,12254,58908
2024,1311,Solok Selatan,Sumatera Barat,6.56,12330.0,12.33,0.94,0.22,73.17,72.5,13.07,8.85,11240,39130
2024,1312,Pasaman Barat,Sumatera Barat,7.0,34600.0,34.6,0.76,0.17,72.78,72.75,13.72,8.99,9888,46114
2024,1371,Kota Padang,Sumatera Barat,4.06,41400.0,41.4,0.25,0.03,84.38,75.2,16.57,11.63,15458,88030
2024,1372,Kota Solok,Sumatera Barat,3.07,2400.0,2.4,0.34,0.07,80.06,74.85,14.37,11.37,12995,70365
2024,1373,Kota Sawahlunto,Sumatera Barat,2.33,1520.0,1.52,0.3,0.08,76.68,74.12,13.86,10.53,11187,74768
2024,1374,Kota Padang Panjang,Sumatera Barat,5.31,3060.0,3.06,0.46,0.07,80.6,74.48,15.47,12.0,11840,81129
2024,1375,Kota Bukittinggi,Sumatera Barat,4.08,5820.0,5.82,0.43,0.08,82.61,75.62,15.28,11.65,14297,94538
2024,1376,Kota Payakumbuh,Sumatera Barat,5.19,7620.0,7.62,0.74,0.15,80.76,75.08,14.57,10.89,14260,63820
2024,1377,Kota Pariaman,Sumatera Barat,4.26,4010.0,4.01,0.46,0.08,80.49,74.37,14.8,11.06,13784,69308
2024,1401,Kampar,Riau,6.92,63740.0,63.74,0.91,0.19,76.29,74.61,13.61,9.58,12034,130105
2024,1402,Indragiri Hulu,Riau,6.02,27530.0,27.53,0.61,0.09,72.75,73.63,12.6,8.43,11333,129125
2024,1403,Bengkalis,Riau,6.36,36560.0,36.56,0.72,0.12,76.37,74.21,13.44,9.74,12321,296914
2024,1404,Indragiri Hilir,Riau,5.66,41050.0,41.05,0.84,0.22,70.07,72.39,12.21,7.32,11050,138693
2024,1405,Pelalawan,Riau,8.49,49200.0,49.2,1.12,0.21,75.25,74.63,12.91,8.96,12575,187221
2024,1406,Rokan Hulu,Riau,9.62,75890.0,75.89,0.96,0.18,73.07,73.67,12.94,8.94,10586,95447
2024,1407,Rokan Hilir,Riau,7.01,53490.0,53.49,0.85,0.19,72.46,73.87,12.89,8.53,10447,152221
2024,1408,Siak,Riau,5.08,26720.0,26.72,0.56,0.08,76.52,73.98,12.89,9.92,13080,250381
2024,1409,Kuantan Singingi,Riau,7.89,25560.0,25.56,0.91,0.2,74.0,72.96,13.38,9.14,11182,148878
2024,1410,Kepulauan Meranti,Riau,23.15,44340.0,44.34,3.59,0.88,69.64,72.25,12.87,8.12,8988,128527
2024,1471,Kota Pekanbaru,Riau,3.15,38170.0,38.17,0.34,0.06,84.26,75.89,15.84,11.96,15212,166856
2024,1472,Kota Dumai,Riau,3.14,10020.0,10.02,0.2,0.03,77.03,73.5,13.35,10.29,12847,158148
2024,1501,Kerinci,Jambi,6.93,16830.0,16.83,1.0,0.24,74.33,73.39,13.92,8.6,11441,57303
2024,1502,Merangin,Jambi,8.4,33490.0,33.49,1.18,0.27,72.65,74.13,12.26,8.4,11425,68413
2024,1503,Sarolangun,Jambi,8.36,26540.0,26.54,1.09,0.21,73.76,73.65,12.6,8.35,12679,74686
2024,1504,Batanghari,Jambi,8.63,23740.0,23.74,1.34,0.28,73.12,74.74,12.97,8.35,10872,83038
2024,1505,Muaro Jambi,Jambi,3.65,17480.0,17.48,0.48,0.1,73.11,74.75,13.37,8.7,10007,95236
2024,1506,Tanjung Jabung Barat,Jambi,9.54,33120.0,33.12,1.17,0.24,72.01,73.41,12.68,8.32,10696,167518
2024,1507,Tanjung Jabung Timur,Jambi,10.14,21860.0,21.86,2.32,0.76,70.77,74.37,12.21,7.7,10328,117591
2024,1508,Bungo,Jambi,5.06,20040.0,20.04,0.4,0.06,74.44,74.02,12.67,8.6,12820,71624
2024,1509,Tebo,Jambi,6.12,22480.0,22.48,0.73,0.12,72.67,73.62,12.93,8.04,11415,64162
2024,1571,Kota Jambi,Jambi,7.73,47250.0,47.25,0.96,0.23,81.77,75.12,15.55,11.51,13388,69033
2024,1572,Kota Sungai Penuh,Jambi,2.92,2600.0,2.6,0.33,0.07,77.93,74.29,14.84,10.48,11499,102060
2024,1601,Ogan Komering Ulu,Sumatera Selatan,10.68,41540.0,41.54,1.0,0.13,73.7,73.59,13.0,8.86,11339,53428
2024,1602,Ogan Komering Ilir,Sumatera Selatan,12.08,106370.0,106.37,1.62,0.39,71.48,74.23,11.98,7.19,12305,57799
2024,1603,Muara Enim,Sumatera Selatan,9.79,66420.0,66.42,2.14,0.64,73.1,74.49,12.02,8.27,12291,182108
2024,1604,Lahat,Sumatera Selatan,14.14,60190.0,60.19,2.13,0.53,72.83,73.58,12.45,8.69,11255,66582
2024,1605,Musi Rawas,Sumatera Selatan,13.44,57440.0,57.44,1.87,0.4,71.21,74.16,12.23,7.57,11058,61857
2024,1606,Musi Banyuasin,Sumatera Selatan,12.88,88940.0,88.94,2.02,0.43,72.27,74.42,12.33,7.95,11424,142138
2024,1607,Banyuasin,Sumatera Selatan,9.31,84360.0,84.36,1.66,0.44,71.55,74.47,12.34,7.48,11277,44734
2024,1608,Ogan Komering Ulu Timur,Sumatera Selatan,9.75,68740.0,68.74,0.72,0.09,73.64,74.51,12.49,8.08,12623,31504
2024,1609,Ogan Komering Ulu Selatan,Sumatera Selatan,9.86,37810.0,37.81,1.68,0.38,70.0,73.44,11.82,8.25,9680,27724
2024,1610,Ogan Ilir,Sumatera Selatan,12.3,55490.0,55.49,1.49,0.33,72.67,73.43,12.42,8.09,12093,35023
2024,1611,Empat Lawang,Sumatera Selatan,10.78,28420.0,28.42,1.51,0.32,69.63,70.93,12.11,7.68,10889,19448
2024,1612,Penukal Abab Lematang Ilir,Sumatera Selatan,9.82,19790.0,19.79,0.62,0.09,69.63,74.02,12.5,7.27,9604,45701
2024,1613,Musi Rawas Utara,Sumatera Selatan,17.38,35290.0,35.29,3.07,0.78,70.45,73.17,11.9,7.51,11198,48869
2024,1671,Kota Palembang,Sumatera Selatan,9.77,173590.0,173.59,1.66,0.4,82.29,75.77,14.46,10.93,16150,121154
2024,1672,Kota Pagar Alam,Sumatera Selatan,8.18,11820.0,11.82,1.0,0.16,74.0,73.88,13.5,9.44,10245,25543
2024,1673,Kota Lubuk Linggau,Sumatera Selatan,11.14,27650.0,27.65,1.43,0.28,78.98,74.97,13.69,9.94,14672,35432
2024,1674,Kota Prabumulih,Sumatera Selatan,10.13,20410.0,20.41,1.47,0.36,78.68,74.87,13.41,10.36,13982,51808
2024,1701,Bengkulu Selatan,Bengkulu,17.1,31800.0,31.8,2.91,0.77,74.53,73.05,13.66,9.42,11040,45375
2024,1702,Rejang Lebong,Bengkulu,14.65,41160.0,41.16,1.99,0.38,75.04,73.87,14.2,8.81,11385,45238
2024,1703,Bengkulu Utara,Bengkulu,10.96,34520.0,34.52,1.03,0.18,73.1,73.23,12.92,8.32,11715,41214
2024,1704,Kaur,Bengkulu,17.12,21750.0,21.75,2.54,0.61,71.53,72.97,13.15,8.47,9742,37416
2024,1705,Seluma,Bengkulu,17.23,35080.0,35.08,2.43,0.49,70.98,72.9,13.33,8.14,9474,29171
2024,1706,Mukomuko,Bengkulu,10.76,20880.0,20.88,1.56,0.32,73.65,73.95,12.87,8.57,11665,37513
2024,1707,Lebong,Bengkulu,10.45,12510.0,12.51,1.3,0.27,73.54,72.81,12.91,8.41,12362,40991
2024,1708,Kepahiang,Bengkulu,12.9,18730.0,18.73,2.13,0.49,72.05,72.41,13.16,8.37,10620,40072
2024,1709,Bengkulu Tengah,Bengkulu,10.14,11980.0,11.98,1.18,0.2,71.67,72.56,13.47,7.71,10672,55284
2024,1771,Kota Bengkulu,Bengkulu,13.76,52960.0,52.96,2.39,0.71,83.95,74.69,16.07,11.84,15542,83430
2024,1801,Lampung Selatan,Lampung,12.57,132380.0,132.38,1.94,0.46,72.15,74.46,12.65,7.78,11133,53891
2024,1802,Lampung Tengah,Lampung,10.37,137410.0,137.41,1.66,0.4,74.16,74.38,13.17,7.97,12595,63663
2024,1803,Lampung Utara,Lampung,16.92,105910.0,105.91,2.3,0.51,71.42,74.12,12.56,8.38,9837,48212
2024,1804,Lampung Barat,Lampung,10.68,33430.0,33.43,1.51,0.4,72.41,73.96,12.3,8.56,10965,31347
2024,1805,Tulang Bawang,Lampung,7.88,37460.0,37.46,0.82,0.17,72.24,74.02,12.3,7.65,12122,67726
2024,1806,Tanggamus,Lampung,10.28,64220.0,64.22,1.42,0.35,70.54,74.08,12.33,7.38,10524,31621
2024,1807,Lampung Timur,Lampung,13.19,142700.0,142.7,1.57,0.29,73.05,74.19,12.98,8.2,11262,49275
2024,1808,Way Kanan,Lampung,10.43,48880.0,48.88,1.57,0.36,71.17,74.31,12.44,7.75,10439,38655
2024,1809,Pesawaran,Lampung,11.86,55010.0,55.01,1.7,0.36,70.24,74.0,12.63,8.0,9190,43308
2024,1810,Pringsewu,Lampung,8.32,34420.0,34.42,0.92,0.16,73.84,74.56,12.93,8.53,11543,35552
2024,1811,Mesuji,Lampung,6.31,12910.0,12.91,0.83,0.16,68.59,73.9,11.82,7.21,9454,58582
2024,1812,Tulang Bawang Barat,Lampung,7.22,20350.0,20.35,0.87,0.19,70.04,74.23,12.12,7.8,9646,52209
2024,1813,Pesisir Barat,Lampung,12.64,20220.0,20.22,2.1,0.49,71.04,73.93,12.16,8.73,9550,35637
2024,1871,Kota Bandar Lampung,Lampung,7.37,83880.0,83.88,0.97,0.21,80.46,74.79,14.73,10.99,13667,65744
2024,1872,Kota Metro,Lampung,6.78,12070.0,12.07,0.77,0.15,80.41,75.43,14.79,11.01,13092,48264
2024,1901,Bangka,Bangka Belitung,4.24,14760.0,14.76,0.62,0.14,74.66,73.24,13.12,8.45,13205,58572
2024,1902,Belitung,Bangka Belitung,6.11,11970.0,11.97,0.96,0.24,74.96,72.76,12.09,9.05,14449,73795
2024,1903,Bangka Selatan,Bangka Belitung,3.74,8100.0,8.1,0.27,0.07,70.01,71.74,11.71,6.93,12718,57693
2024,1904,Bangka Tengah,Bangka Belitung,5.94,12040.0,12.04,0.66,0.17,72.54,73.77,12.15,7.24,13677,56083
2024,1905,Bangka Barat,Bangka Belitung,2.59,5710.0,5.71,0.52,0.16,71.36,72.08,11.79,7.48,13199,91214
2024,1906,Belitung Timur,Bangka Belitung,6.36,8500.0,8.5,0.64,0.15,73.62,73.79,11.69,8.99,12610,82598
2024,1971,Kota Pangkal Pinang,Bangka Belitung,4.04,8870.0,8.87,0.68,0.19,80.9,75.26,13.3,10.67,16750,82198
2024,2101,Bintan,Kepulauan Riau,5.44,9170.0,9.17,0.61,0.13,77.96,74.89,13.45,9.15,15078,180544
2024,2102,Karimun,Kepulauan Riau,5.78,13990.0,13.99,0.99,0.21,75.49,74.79,12.62,8.91,13287,69608
2024,2103,Natuna,Kepulauan Riau,5.04,4170.0,4.17,0.31,0.03,78.6,74.38,13.94,9.2,15560,264903
2024,2104,Lingga,Kepulauan Riau,9.99,9020.0,9.02,1.25,0.37,73.05,73.76,12.65,7.6,12906,54936
2024,2105,Kepulauan Anambas,Kepulauan Riau,6.67,2980.0,2.98,0.94,0.18,73.47,73.77,13.06,7.53,12983,362072
2024,2171,Kota Batam,Kepulauan Riau,4.85,83570.0,83.57,0.65,0.12,83.32,75.19,13.56,11.21,19668,182507
2024,2172,Kota Tanjung Pinang,Kepulauan Riau,6.86,15390.0,15.39,0.86,0.14,81.58,74.91,14.18,10.67,16663,105384
2024,3101,Kepulauan Seribu,DKI Jakarta,13.03,3490.0,3.49,1.0,0.13,76.69,75.03,12.67,9.26,14110,281243
2024,3171,Kota Jakarta Pusat,DKI Jakarta,4.63,42330.0,42.33,0.57,0.12,83.75,76.57,13.31,11.61,18661,882895
2024,3172,Kota Jakarta Utara,DKI Jakarta,6.44,120510.0,120.51,1.01,0.26,82.13,75.17,12.7,10.85,20032,368953
2024,3173,Kota Jakarta Barat,DKI Jakarta,3.94,106480.0,106.48,0.26,0.04,84.4,75.98,13.14,11.24,22119,253093
2024,3174,Kota Jakarta Selatan,DKI Jakarta,3.03,70600.0,70.6,0.27,0.05,87.57,76.23,13.94,11.95,25573,381118
2024,3175,Kota Jakarta Timur,DKI Jakarta,4.09,121520.0,121.52,0.33,0.07,84.76,75.59,14.07,11.99,19193,204503
2024,3201,Bogor,Jawa Barat,7.05,446790.0,446.79,1.08,0.26,73.63,74.9,12.75,8.39,11563,54859
2024,3202,Sukabumi,Jawa Barat,6.87,175930.0,175.93,0.88,0.2,70.18,74.85,12.39,7.34,9815,31167
2024,3203,Cianjur,Jawa Barat,10.14,239300.0,239.3,1.58,0.41,68.89,74.8,12.04,7.33,9026,24914
2024,3204,Bandung,Jawa Barat,6.19,239870.0,239.87,0.61,0.09,74.59,75.23,12.74,9.15,11392,44126
2024,3205,Garut,Jawa Barat,9.68,259320.0,259.32,1.41,0.29,69.91,74.87,12.17,7.85,9168,29012
2024,3206,Tasikmalaya,Jawa Barat,10.23,186750.0,186.75,1.01,0.15,69.98,74.06,12.64,7.97,8965,25916
2024,3207,Ciamis,Jawa Barat,7.39,90790.0,90.79,0.99,0.2,73.64,75.26,14.3,8.1,10085,34336
2024,3208,Kuningan,Jawa Barat,11.88,131830.0,131.83,2.02,0.53,71.56,75.22,12.27,7.9,10418,29273
2024,3209,Cirebon,Jawa Barat,11.0,245920.0,245.92,1.69,0.36,72.3,74.98,12.42,7.65,11529,28140
2024,3210,Majalengka,Jawa Barat,10.82,134580.0,134.58,1.76,0.45,71.37,74.98,12.27,7.53,10842,34234
2024,3211,Sumedang,Jawa Barat,9.1,108890.0,108.89,1.6,0.45,74.57,75.29,13.02,8.74,11589,39699
2024,3212,Indramayu,Jawa Barat,11.93,212140.0,212.14,2.05,0.54,70.72,74.82,12.32,6.95,11010,55166
2024,3213,Subang,Jawa Barat,9.49,152560.0,152.56,1.63,0.46,72.05,75.08,12.11,7.46,11894,33037
2024,3214,Purwakarta,Jawa Barat,8.41,81440.0,81.44,1.37,0.35,73.99,74.92,12.25,8.14,13099,84024
2024,3215,Karawang,Jawa Barat,7.86,187770.0,187.77,1.18,0.28,73.82,75.16,12.21,8.05,12942,121298
2024,3216,Bekasi,Jawa Barat,4.8,204540.0,204.54,0.7,0.17,76.8,75.33,13.18,9.76,12500,128693
2024,3217,Bandung Barat,Jawa Barat,10.49,179700.0,179.7,1.17,0.23,70.77,75.06,12.0,8.24,9583,32500
2024,3218,Pangandaran,Jawa Barat,8.75,35950.0,35.95,1.23,0.29,71.03,75.11,12.31,8.1,9654,35647
2024,3271,Kota Bogor,Jawa Barat,6.53,73930.0,73.93,0.95,0.24,79.03,75.8,13.51,10.71,13154,56616
2024,3272,Kota Sukabumi,Jawa Barat,7.2,24100.0,24.1,0.88,0.18,77.69,75.11,13.62,10.38,12252,44760
2024,3273,Kota Bandung,Jawa Barat,3.87,101100.0,101.1,0.6,0.14,83.75,75.83,14.25,11.07,18795,147081
2024,3274,Kota Cirebon,Jawa Barat,9.02,29170.0,29.17,1.18,0.25,78.09,75.48,13.17,10.53,12869,88560
2024,3275,Kota Bekasi,Jawa Barat,4.01,128840.0,128.84,0.8,0.21,83.55,76.14,14.14,11.79,16775,48922
2024,3276,Kota Depok,Jawa Barat,2.34,62600.0,62.6,0.34,0.07,83.05,75.82,14.11,11.59,16640,43515
2024,3277,Kota Cimahi,Jawa Barat,4.39,27000.0,27.0,0.83,0.21,80.3,75.55,13.85,11.52,13278,72528
2024,3278,Kota Tasikmalaya,Jawa Barat,11.1,76710.0,76.71,1.35,0.26,76.03,75.31,13.5,9.63,11431,39445
2024,3279,Kota Banjar,Jawa Barat,5.85,11160.0,11.16,1.03,0.29,75.01,74.99,13.28,8.83,11811,26451
2024,3301,Cilacap,Jawa Tengah,10.68,186080.0,186.08,1.59,0.35,72.55,74.97,12.69,7.4,11868,67203
2024,3302,Banyumas,Jawa Tengah,11.95,207780.0,207.78,2.09,0.5,74.52,74.34,13.34,7.91,12960,40236
2024,3303,Purbalingga,Jawa Tengah,14.18,136720.0,136.72,2.1,0.5,70.97,74.19,12.03,7.36,11343,32232
2024,3304,Banjarnegara,Jawa Tengah,14.71,137680.0,137.68,2.38,0.61,69.62,74.7,11.83,6.87,10595,27685
2024,3305,Kebumen,Jawa Tengah,15.71,187950.0,187.95,2.35,0.48,72.48,75.22,13.39,7.87,10176,27304
2024,3306,Purworejo,Jawa Tengah,10.87,78020.0,78.02,1.08,0.18,75.16,75.64,13.55,8.65,11584,31224
2024,3307,Wonosobo,Jawa Tengah,15.28,121490.0,121.49,2.41,0.6,70.63,74.25,11.81,6.9,11980,27206
2024,3308,Magelang,Jawa Tengah,10.83,143800.0,143.8,1.23,0.23,72.1,74.68,12.62,7.83,10926,32600
2024,3309,Boyolali,Jawa Tengah,9.63,95960.0,95.96,1.56,0.4,75.96,76.44,12.67,8.17,14195,41699
2024,3310,Klaten,Jawa Tengah,12.04,141840.0,141.84,1.46,0.27,78.16,77.31,13.43,9.29,13513,42732
2024,3311,Sukoharjo,Jawa Tengah,7.47,68150.0,68.15,1.21,0.31,79.3,78.01,13.92,10.01,12758,53022
2024,3312,Wonogiri,Jawa Tengah,10.71,102570.0,102.57,1.53,0.33,72.54,76.82,12.61,7.68,10634,37816
2024,3313,Karanganyar,Jawa Tengah,9.59,87370.0,87.37,1.63,0.41,78.11,77.91,13.73,9.26,12732,53148
2024,3314,Sragen,Jawa Tengah,12.41,110650.0,110.65,2.42,0.67,75.53,76.18,12.93,7.88,13890,52175
2024,3315,Grobogan,Jawa Tengah,11.43,159000.0,159.0,1.9,0.43,72.02,75.25,12.48,7.29,11548,24908
2024,3316,Blora,Jawa Tengah,11.42,99140.0,99.14,1.59,0.32,71.42,74.92,12.6,7.26,10926,36598
2024,3317,Rembang,Jawa Tengah,14.02,91450.0,91.45,2.76,0.84,72.53,74.98,12.3,7.73,11830,38792
2024,3318,Pati,Jawa Tengah,9.17,116840.0,116.84,1.17,0.25,74.1,76.56,12.98,7.82,11829,43092
2024,3319,Kudus,Jawa Tengah,7.23,65690.0,65.69,1.02,0.24,77.21,77.07,13.28,9.35,12533,145620
2024,3320,Jepara,Jawa Tengah,6.09,80840.0,80.84,0.71,0.15,74.32,76.21,12.86,8.27,11729,32894
2024,3321,Demak,Jawa Tengah,11.89,142920.0,142.92,1.95,0.56,74.57,75.79,13.36,8.28,11591,28313
2024,3322,Semarang,Jawa Tengah,6.96,76870.0,76.87,0.91,0.18,75.67,76.15,13.06,8.16,13377,60274
2024,3323,Temanggung,Jawa Tengah,8.67,68770.0,68.77,0.97,0.18,71.86,75.94,12.62,7.53,10519,35500
2024,3324,Kendal,Jawa Tengah,9.35,92710.0,92.71,0.91,0.15,74.34,74.73,13.0,7.74,13277,55273
2024,3325,Batang,Jawa Tengah,8.73,68850.0,68.85,1.25,0.27,70.73,75.01,12.17,7.08,10919,36295
2024,3326,Pekalongan,Jawa Tengah,8.95,81720.0,81.72,1.16,0.23,71.95,74.25,12.46,7.48,11701,29786
2024,3327,Pemalang,Jawa Tengah,14.92,194200.0,194.2,2.56,0.61,68.65,74.23,12.02,6.56,10017,22652
2024,3328,Tegal,Jawa Tengah,6.81,98020.0,98.02,0.97,0.22,71.7,74.25,12.96,7.36,10972,28556
2024,3329,Brebes,Jawa Tengah,15.6,283280.0,283.28,2.5,0.55,70.18,74.18,12.45,6.41,11389,30040
2024,3371,Kota Magelang,Jawa Tengah,5.94,7250.0,7.25,0.92,0.19,82.15,77.54,14.62,11.43,13619,96594
2024,3372,Kota Surakarta,Jawa Tengah,8.31,43280.0,43.28,1.14,0.26,84.41,77.91,15.07,11.25,16291,122512
2024,3373,Kota Salatiga,Jawa Tengah,4.57,9330.0,9.33,0.61,0.11,85.72,78.27,15.46,11.48,17096,89833
2024,3374,Kota Semarang,Jawa Tengah,4.03,77790.0,77.79,0.59,0.12,85.24,78.23,15.57,11.05,16990,156607
2024,3375,Kota Pekalongan,Jawa Tengah,6.71,21160.0,21.16,0.84,0.17,77.21,74.79,12.89,9.34,14547,45988
2024,3376,Kota Tegal,Jawa Tengah,7.64,19170.0,19.17,1.34,0.32,77.5,75.01,13.25,9.28,14358,72289
2024,3401,Kulon Progo,DI Yogyakarta,15.62,71480.0,71.48,2.48,0.62,76.18,75.49,14.49,9.2,10990,37987
2024,3402,Bantul,DI Yogyakarta,11.66,126930.0,126.93,2.18,0.56,82.05,74.8,15.63,9.81,16851,35829
2024,3403,Gunungkidul,DI Yogyakarta,15.18,120410.0,120.41,2.56,0.65,72.14,74.91,13.4,7.35,10630,35504
2024,3404,Sleman,DI Yogyakarta,7.46,97940.0,97.94,1.21,0.27,85.71,75.48,16.79,11.33,17586,54503
2024,3471,Kota Yogyakarta,DI Yogyakarta,6.26,28790.0,28.79,0.76,0.14,89.1,75.73,17.66,12.12,20603,131433
2024,3501,Pacitan,Jawa Timur,13.08,73030.0,73.03,1.49,0.25,71.49,74.74,12.69,7.9,10099,35096
2024,3502,Ponorogo,Jawa Timur,9.11,80050.0,80.05,1.02,0.17,73.7,75.28,13.78,7.8,11065,28088
2024,3503,Trenggalek,Jawa Timur,10.5,73750.0,73.75,1.43,0.28,72.47,75.35,12.63,7.92,10872,32726
2024,3504,Tulungagung,Jawa Timur,6.28,66420.0,66.42,0.6,0.1,75.13,75.2,13.36,8.68,11966,46009
2024,3505,Blitar,Jawa Timur,8.16,95910.0,95.91,0.8,0.12,73.44,75.32,12.67,7.87,12020,37811
2024,3506,Kediri,Jawa Timur,9.95,159270.0,159.27,1.22,0.24,75.18,75.07,13.63,8.26,12388,32339
2024,3507,Malang,Jawa Timur,8.98,240140.0,240.14,0.98,0.16,73.53,75.34,13.49,7.8,11190,50593
2024,3508,Lumajang,Jawa Timur,8.65,91050.0,91.05,1.23,0.26,70.31,74.57,12.41,7.27,10124,37579
2024,3509,Jember,Jawa Timur,9.01,224770.0,224.77,1.01,0.18,70.93,74.17,13.5,6.54,10700,39464
2024,3510,Banyuwangi,Jawa Timur,6.54,106610.0,106.61,0.44,0.06,74.3,74.13,13.14,7.78,13320,62086
2024,3511,Bondowoso,Jawa Timur,12.6,99620.0,99.62,1.51,0.28,71.22,73.31,13.33,6.53,11689,33501
2024,3512,Situbondo,Jawa Timur,11.51,80170.0,80.17,1.19,0.18,71.22,73.36,13.2,6.93,11216,38677
2024,3513,Probolinggo,Jawa Timur,16.45,197110.0,197.11,2.63,0.6,70.85,73.93,12.64,6.31,12258,38537
2024,3514,Pasuruan,Jawa Timur,8.63,144840.0,144.84,1.09,0.21,72.36,74.61,12.78,7.46,11617,121689
2024,3515,Sidoarjo,Jawa Timur,4.53,109390.0,109.39,0.64,0.18,82.67,75.63,15.22,10.91,15710,136721
2024,3516,Mojokerto,Jawa Timur,9.37,108720.0,108.72,1.01,0.19,76.69,74.95,12.99,9.13,13903,98011
2024,3517,Jombang,Jawa Timur,8.6,110570.0,110.57,0.9,0.17,75.67,74.64,13.61,8.78,12454,39553
2024,3518,Nganjuk,Jawa Timur,10.17,108370.0,108.37,1.04,0.18,75.24,74.64,13.18,8.25,13376,32047
2024,3519,Madiun,Jawa Timur,10.63,73150.0,73.15,1.4,0.25,74.81,74.79,13.27,8.2,12668,33712
2024,3520,Magetan,Jawa Timur,9.32,59510.0,59.51,1.09,0.2,76.77,75.42,14.08,8.69,12915,35853
2024,3521,Ngawi,Jawa Timur,13.81,116470.0,116.47,2.22,0.61,73.91,75.21,12.89,7.84,12414,29347
2024,3522,Bojonegoro,Jawa Timur,11.69,147330.0,147.33,1.99,0.48,72.75,74.91,13.18,7.59,11204,76808
2024,3523,Tuban,Jawa Timur,14.36,171240.0,171.24,1.95,0.39,72.31,74.95,12.54,7.53,11579,71099
2024,3524,Lamongan,Jawa Timur,12.16,146980.0,146.98,1.88,0.44,75.9,75.07,14.03,8.48,12419,37788
2024,3525,Gresik,Jawa Timur,10.32,142390.0,142.39,1.58,0.33,78.93,74.48,13.98,10.03,14356,138271
2024,3526,Bangkalan,Jawa Timur,18.66,190940.0,190.94,2.03,0.39,67.33,73.43,11.98,6.01,9841,26066
2024,3527,Sampang,Jawa Timur,20.83,214320.0,214.32,2.86,0.57,66.72,73.66,12.55,5.08,9782,24484
2024,3528,Pamekasan,Jawa Timur,13.41,123460.0,123.46,1.05,0.14,70.85,73.66,13.69,7.17,9811,25424
2024,3529,Sumenep,Jawa Timur,17.78,196420.0,196.42,4.19,1.53,69.78,73.86,13.59,6.1,10156,39215
2024,3571,Kota Kediri,Jawa Timur,6.51,19240.0,19.24,1.02,0.25,81.88,75.94,15.71,10.92,13670,565841
2024,3572,Kota Blitar,Jawa Timur,6.75,9860.0,9.86,1.06,0.24,81.44,75.2,14.81,10.82,14933,59326
2024,3573,Kota Malang,Jawa Timur,3.91,34840.0,34.84,0.42,0.08,84.68,75.54,15.79,11.14,17791,114722
2024,3574,Kota Probolinggo,Jawa Timur,6.18,15240.0,15.24,0.98,0.21,77.79,74.31,13.98,9.72,13405,61614
2024,3575,Kota Pasuruan,Jawa Timur,6.32,13070.0,13.07,0.7,0.12,78.9,74.86,13.67,9.94,14664,51087
2024,3576,Kota Mojokerto,Jawa Timur,5.57,7430.0,7.43,0.74,0.13,81.76,75.99,14.13,11.38,14842,62684
2024,3577,Kota Madiun,Jawa Timur,4.38,7840.0,7.84,0.56,0.09,84.51,75.67,14.54,12.11,17518,92449
2024,3578,Kota Surabaya,Jawa Timur,3.96,116620.0,116.62,0.65,0.16,84.69,76.02,14.87,10.89,19666,264372
2024,3579,Kota Batu,Jawa Timur,3.06,6590.0,6.59,0.46,0.09,79.69,75.36,14.58,9.87,14253,99487
2024,3601,Pandeglang,Banten,9.18,113450.0,113.45,1.52,0.35,70.88,74.22,13.74,7.16,9574,27078
2024,3602,Lebak,Banten,8.44,111710.0,111.71,1.02,0.23,68.33,73.99,12.11,6.61,9631,25967
2024,3603,Tangerang,Banten,6.55,266430.0,266.43,1.2,0.34,76.19,75.34,12.88,9.06,13254,54729
2024,3604,Serang,Banten,4.51,68860.0,68.86,0.79,0.2,73.28,74.91,12.87,7.88,11767,60007
2024,3671,Kota Tangerang,Banten,5.43,128910.0,128.91,0.94,0.23,81.53,75.5,13.9,11.14,15641,114458
2024,3672,Kota Cilegon,Banten,3.75,17310.0,17.31,0.44,0.07,78.83,75.03,13.23,10.39,14294,302862
2024,3673,Kota Serang,Banten,5.65,41620.0,41.62,0.75,0.16,76.9,75.31,12.83,8.93,14603,58498
2024,3674,Kota Tangerang Selatan,Banten,2.36,43330.0,43.33,0.27,0.05,84.16,75.8,14.7,11.86,17028,80182
2024,5101,Jembrana,Bali,4.51,12900.0,12.9,0.36,0.05,75.32,75.07,13.05,8.7,12638,51730
2024,5102,Tabanan,Bali,4.4,20160.0,20.16,0.75,0.19,78.83,75.67,13.29,9.57,15297,59123
2024,5103,Badung,Bali,2.23,16870.0,16.87,0.32,0.08,83.73,75.9,14.23,11.14,18556,132027
2024,5104,Gianyar,Bali,4.0,21450.0,21.45,0.49,0.09,80.23,75.72,14.11,9.84,15577,62693
2024,5105,Klungkung,Bali,5.3,9680.0,9.68,0.23,0.03,75.15,74.9,13.13,8.74,12358,52628
2024,5106,Bangli,Bali,5.06,11790.0,11.79,0.89,0.23,72.51,74.23,12.53,7.58,12148,32275
2024,5107,Karangasem,Bali,6.52,27760.0,27.76,0.56,0.1,70.91,74.17,12.91,6.7,11176,40233
2024,5108,Buleleng,Bali,5.39,36550.0,36.55,0.72,0.14,75.35,74.71,13.3,7.69,14377,50796
2024,5171,Kota Denpasar,Bali,2.59,27270.0,27.27,0.36,0.08,85.11,75.8,14.13,11.53,20763,86425
2024,5201,Lombok Barat,Nusa Tenggara Barat,12.65,96570.0,96.57,1.84,0.43,72.7,72.64,13.99,6.88,12431,25044
2024,5202,Lombok Tengah,Nusa Tenggara Barat,12.07,122320.0,122.32,1.56,0.27,71.19,71.59,13.89,6.73,11531,20368
2024,5203,Lombok Timur,Nusa Tenggara Barat,14.51,185030.0,185.03,2.66,0.77,71.48,71.95,14.07,7.36,10571,18588
2024,5204,Sumbawa,Nusa Tenggara Barat,12.87,63000.0,63.0,1.98,0.53,72.36,72.67,13.34,8.59,10349,34509
2024,5205,Dompu,Nusa Tenggara Barat,11.59,32080.0,32.08,1.62,0.32,72.59,71.76,13.84,9.04,9971,36120
2024,5206,Bima,Nusa Tenggara Barat,13.88,72920.0,72.92,1.89,0.41,70.99,71.88,13.66,8.3,9418,27153
2024,5207,Sumbawa Barat,Nusa Tenggara Barat,12.23,21130.0,21.13,2.33,0.65,75.52,72.97,13.68,8.99,12841,235091
2024,5208,Lombok Utara,Nusa Tenggara Barat,23.96,56430.0,56.43,4.81,1.35,68.64,71.52,13.02,6.4,10272,22874
2024,5271,Kota Mataram,Nusa Tenggara Barat,8.0,43740.0,43.74,2.15,0.68,81.64,74.83,15.68,9.58,16514,54382
2024,5272,Kota Bima,Nusa Tenggara Barat,8.12,15810.0,15.81,1.44,0.39,78.91,73.15,15.08,10.96,12362,32479
2024,5301,Kupang,Nusa Tenggara Timur,21.37,90340.0,90.34,4.64,1.45,68.26,69.53,13.9,7.62,8508,26499
2024,5302,Timor Tengah Selatan,Nusa Tenggara Timur,24.68,117410.0,117.41,4.51,1.23,66.22,71.22,12.62,7.21,7755,21219
2024,5303,Timor Tengah Utara,Nusa Tenggara Timur,20.89,55030.0,55.03,3.9,0.94,67.27,71.02,13.36,8.17,7242,18738
2024,5304,Belu,Nusa Tenggara Timur,13.86,32570.0,32.57,2.26,0.51,68.13,74.3,12.32,7.5,8159,25170
2024,5305,Alor,Nusa Tenggara Timur,19.87,41890.0,41.89,2.25,0.49,67.7,70.88,12.48,8.61,7806,17723
2024,5306,Flores Timur,Nusa Tenggara Timur,11.25,29740.0,29.74,1.38,0.25,69.79,73.91,12.96,8.06,8505,22048
2024,5307,Sikka,Nusa Tenggara Timur,11.89,38730.0,38.73,1.57,0.31,69.96,74.24,13.67,6.99,9019,19873
2024,5308,Ende,Nusa Tenggara Timur,22.57,62370.0,62.37,4.44,1.18,72.24,72.87,13.83,8.29,10009,28061
2024,5309,Ngada,Nusa Tenggara Timur,11.87,20480.0,20.48,2.14,0.55,72.04,74.43,12.75,8.83,9585,25689
2024,5310,Manggarai,Nusa Tenggara Timur,19.01,68390.0,68.39,2.88,0.66,69.35,72.44,13.73,7.91,8204,17709
2024,5311,Sumba Timur,Nusa Tenggara Timur,27.04,73580.0,73.58,6.44,2.18,70.28,71.57,12.87,7.77,10280,30114
2024,5312,Sumba Barat,Nusa Tenggara Timur,26.52,36720.0,36.72,5.25,1.43,67.7,71.37,13.4,7.17,8243,19400
2024,5313,Lembata,Nusa Tenggara Timur,24.22,37720.0,37.72,4.35,1.06,68.95,73.35,12.47,8.27,8238,15975
2024,5314,Rote Ndao,Nusa Tenggara Timur,25.78,52890.0,52.89,5.23,1.41,66.4,69.81,13.23,7.83,7365,25603
2024,5315,Manggarai Barat,Nusa Tenggara Timur,16.74,50680.0,50.68,3.55,0.96,68.68,72.86,12.54,8.21,8195,16663
2024,5316,Nagekeo,Nusa Tenggara Timur,12.3,18680.0,18.68,1.56,0.26,69.7,72.51,12.69,8.23,8986,17038
2024,5317,Sumba Tengah,Nusa Tenggara Timur,30.84,23810.0,23.81,7.59,2.36,64.46,69.46,13.14,7.23,6743,16536
2024,5318,Sumba Barat Daya,Nusa Tenggara Timur,27.2,102050.0,102.05,3.84,0.85,64.27,69.2,13.11,6.39,7358,14890
2024,5319,Manggarai Timur,Nusa Tenggara Timur,24.9,74590.0,74.59,5.14,1.49,66.03,72.98,12.66,7.96,6561,14367
2024,5320,Sabu Raijua,Nusa Tenggara Timur,28.13,30980.0,30.98,5.52,1.67,62.06,66.65,13.19,6.99,6207,18699
2024,5321,Malaka,Nusa Tenggara Timur,13.92,28540.0,28.54,1.99,0.37,65.13,71.47,12.83,7.14,6879,19482
2024,5371,Kota Kupang,Nusa Tenggara Timur,8.24,40380.0,40.38,1.4,0.43,83.21,74.95,16.54,11.64,14001,65003
2024,6101,Sambas,Kalimantan Barat,6.53,35870.0,35.87,0.85,0.19,71.2,74.32,12.76,6.76,11538,43614
2024,6102,Mempawah,Kalimantan Barat,4.83,13220.0,13.22,0.49,0.09,69.63,74.34,12.9,7.21,9163,39506
2024,6103,Sanggau,Kalimantan Barat,4.67,23020.0,23.02,0.45,0.08,69.4,74.15,11.88,7.47,9728,51965
2024,6104,Ketapang,Kalimantan Barat,8.5,46590.0,46.59,1.49,0.41,70.34,73.72,11.97,7.68,10472,65207
2024,6105,Sintang,Kalimantan Barat,8.03,35180.0,35.18,0.94,0.16,70.13,74.35,12.32,7.65,9657,46169
2024,6106,Kapuas Hulu,Kalimantan Barat,7.4,20770.0,20.77,0.78,0.11,68.77,73.49,12.23,8.03,8470,53963
2024,6107,Bengkayang,Kalimantan Barat,6.0,16350.0,16.35,0.64,0.13,70.3,74.42,12.22,7.41,10208,40333
2024,6108,Landak,Kalimantan Barat,8.98,35380.0,35.38,1.48,0.38,69.13,74.13,12.54,7.46,8868,35713
2024,6109,Sekadau,Kalimantan Barat,5.66,11690.0,11.69,0.55,0.1,67.74,74.12,11.93,7.23,8511,42389
2024,6110,Melawi,Kalimantan Barat,10.62,23360.0,23.36,1.72,0.49,68.81,73.82,11.37,7.66,9596,29739
2024,6111,Kayong Utara,Kalimantan Barat,8.84,10560.0,10.56,1.63,0.47,67.05,72.54,12.2,6.54,9016,43166
2024,6112,Kubu Raya,Kalimantan Barat,4.08,24720.0,24.72,0.36,0.05,71.14,73.42,13.9,7.05,10132,64206
2024,6171,Kota Pontianak,Kalimantan Barat,4.2,28560.0,28.56,0.58,0.14,82.22,75.46,15.06,10.47,16212,75420
2024,6172,Kota Singkawang,Kalimantan Barat,4.53,10820.0,10.82,0.47,0.1,74.68,74.75,12.95,8.22,12945,56062
2024,6201,Kotawaringin Barat,Kalimantan Tengah,4.11,13430.0,13.43,0.43,0.1,75.35,73.29,12.78,8.77,14095,110324
2024,6202,Kotawaringin Timur,Kalimantan Tengah,5.66,26690.0,26.69,0.96,0.24,74.47,74.38,12.89,8.18,13042,84747
2024,6203,Kapuas,Kalimantan Tengah,5.25,19470.0,19.47,0.6,0.14,72.98,72.86,13.01,7.93,12265,58512
2024,6204,Barito Selatan,Kalimantan Tengah,4.83,6870.0,6.87,0.21,0.03,74.76,72.79,13.0,9.22,12508,65217
2024,6205,Barito Utara,Kalimantan Tengah,5.67,7600.0,7.6,0.89,0.22,73.17,73.65,12.55,8.92,11150,86347
2024,6206,Katingan,Kalimantan Tengah,5.26,9550.0,9.55,0.6,0.1,74.37,74.14,12.99,8.95,11691,67913
2024,6207,Seruyan,Kalimantan Tengah,7.08,16060.0,16.06,0.92,0.19,70.66,73.29,12.04,8.01,10474,72204
2024,6208,Sukamara,Kalimantan Tengah,4.14,2900.0,2.9,0.27,0.04,70.83,74.37,12.17,8.18,9809,95798
2024,6209,Lamandau,Kalimantan Tengah,3.25,2790.0,2.79,0.61,0.15,73.95,73.59,12.53,8.82,12278,79697
2024,6210,Gunung Mas,Kalimantan Tengah,5.68,6860.0,6.86,0.48,0.09,73.88,73.58,12.1,9.37,11902,67075
2024,6211,Pulang Pisau,Kalimantan Tengah,4.56,5910.0,5.91,0.83,0.19,72.36,73.24,12.52,8.42,11207,54850
2024,6212,Murung Raya,Kalimantan Tengah,6.58,8050.0,8.05,1.04,0.35,71.58,73.44,12.05,7.94,11503,99914
2024,6213,Barito Timur,Kalimantan Tengah,6.66,8740.0,8.74,0.93,0.19,74.81,72.21,12.88,9.54,12576,91576
2024,6271,Kota Palangkaraya,Kalimantan Tengah,3.52,10700.0,10.7,0.42,0.08,82.53,74.49,15.13,11.66,15188,84614
2024,6301,Tanah Laut,Kalimantan Selatan,3.74,13400.0,13.4,0.76,0.21,73.42,74.64,12.43,7.94,12595,58233
2024,6302,Kotabaru,Kalimantan Selatan,4.45,15980.0,15.98,0.45,0.08,72.42,73.88,12.08,7.56,12929,108005
2024,6303,Banjar,Kalimantan Selatan,2.36,14460.0,14.46,0.33,0.07,74.41,73.55,13.04,7.95,13683,40027
2024,6304,Barito Kuala,Kalimantan Selatan,4.36,14040.0,14.04,0.69,0.16,71.4,72.52,12.56,7.92,11168,34290
2024,6305,Tapin,Kalimantan Selatan,3.33,6550.0,6.55,0.23,0.03,74.06,74.72,12.34,8.15,13163,72420
2024,6306,Hulu Sungai Selatan,Kalimantan Selatan,3.38,8140.0,8.14,0.34,0.05,73.95,72.82,12.48,8.09,14150,41450
2024,6307,Hulu Sungai Tengah,Kalimantan Selatan,5.81,16030.0,16.03,0.75,0.14,73.33,72.6,12.31,8.35,13176,34849
2024,6308,Hulu Sungai Utara,Kalimantan Selatan,5.75,13930.0,13.93,0.54,0.08,71.74,72.49,13.21,7.78,10981,27910
2024,6309,Tabalong,Kalimantan Selatan,5.64,14970.0,14.97,0.95,0.2,75.97,74.76,12.92,9.15,13097,122313
2024,6310,Tanah Bumbu,Kalimantan Selatan,3.41,14680.0,14.68,0.54,0.14,74.5,74.44,12.61,8.43,13026,104302
2024,6311,Balangan,Kalimantan Selatan,4.87,6680.0,6.68,0.85,0.2,73.83,73.87,13.09,8.13,12325,157579
2024,6371,Kota Banjarmasin,Kalimantan Selatan,4.58,33380.0,33.38,0.49,0.08,80.53,75.07,14.01,10.35,15714,68285
2024,6372,Kota Banjarbaru,Kalimantan Selatan,3.79,11070.0,11.07,0.45,0.07,81.65,75.11,14.86,11.0,14927,53088
2024,6401,Paser,Kalimantan Timur,8.63,25280.0,25.28,0.86,0.17,75.13,74.1,13.38,8.92,12181,193171
2024,6402,Kutai Kartanegara,Kalimantan Timur,7.28,59000.0,59.0,0.65,0.1,76.57,74.33,13.65,9.27,12957,259188
2024,6403,Berau,Kalimantan Timur,5.08,12350.0,12.35,0.41,0.07,77.17,73.66,13.37,9.57,14101,194080
2024,6407,Kutai Barat,Kalimantan Timur,9.56,14490.0,14.49,1.18,0.24,74.76,73.93,13.36,8.89,11903,222048
2024,6408,Kutai Timur,Kalimantan Timur,8.81,37110.0,37.11,1.14,0.24,75.9,74.55,13.02,9.47,12490,344492
2024,6409,Penajam Paser Utara,Kalimantan Timur,6.69,10780.0,10.78,0.72,0.12,74.94,74.27,12.87,8.57,13100,87148
2024,6411,Mahakam Ulu,Kalimantan Timur,10.75,2900.0,2.9,1.64,0.43,70.79,73.64,12.78,8.5,9126,110202
2024,6471,Kota Balikpapan,Kalimantan Timur,2.23,14530.0,14.53,0.13,0.01,82.62,75.87,14.25,10.99,16854,214111
2024,6472,Kota Samarinda,Kalimantan Timur,4.3,37800.0,37.8,0.54,0.11,83.11,75.51,15.4,10.95,16160,114693
2024,6474,Kota Bontang,Kalimantan Timur,3.74,7110.0,7.11,0.31,0.04,82.49,75.03,13.73,10.97,18394,363369
2024,6501,Bulungan,Kalimantan Utara,8.76,11950.0,11.95,1.4,0.35,73.83,73.87,13.25,9.23,10581,160813
2024,6502,Malinau,Kalimantan Utara,6.94,6450.0,6.45,0.57,0.06,74.72,73.27,13.35,9.63,11190,209057
2024,6503,Nunukan,Kalimantan Utara,5.73,12610.0,12.61,0.82,0.23,69.27,73.13,12.69,8.39,8265,192001
2024,6504,Tana Tidung,Kalimantan Utara,4.47,1500.0,1.5,0.48,0.07,70.95,73.51,12.61,9.24,8707,335175
2024,6571,Kota Tarakan,Kalimantan Utara,5.56,15320.0,15.32,0.5,0.08,78.03,74.27,14.22,10.37,12451,221044
2024,7101,Bolaang Mongondow,Sulawesi Utara,7.74,20190.0,20.19,0.79,0.15,71.14,72.16,11.65,8.38,11507,44737
2024,7102,Minahasa,Sulawesi Utara,6.53,22780.0,22.78,1.38,0.41,79.26,75.22,14.19,10.23,13681,68017
2024,7103,Kepulauan Sangihe,Sulawesi Utara,10.84,14380.0,14.38,0.92,0.13,74.43,74.7,12.61,8.65,12409,43187
2024,7104,Kepulauan Talaud,Sulawesi Utara,8.17,7740.0,7.74,1.33,0.28,72.83,73.51,12.67,9.96,9512,31516
2024,7105,Minahasa Selatan,Sulawesi Utara,8.97,19130.0,19.13,0.79,0.11,75.79,74.35,13.02,9.43,12529,52242
2024,7106,Minahasa Utara,Sulawesi Utara,6.95,14320.0,14.32,0.73,0.11,77.05,74.7,13.08,10.35,12412,87299
2024,7107,Minahasa Tenggara,Sulawesi Utara,11.72,12590.0,12.59,1.53,0.3,73.68,73.36,12.6,9.14,11511,61067
2024,7108,Bolaang Mongondow Utara,Sulawesi Utara,7.88,6600.0,6.6,0.99,0.22,71.66,73.63,12.39,8.61,10170,40645
2024,7109,Kepulauan Siau Tagulandang Biaro,Sulawesi Utara,8.32,5630.0,5.63,1.06,0.19,71.55,74.67,12.04,9.43,9062,45866
2024,7110,Bolaang Mongondow Timur,Sulawesi Utara,5.87,4410.0,4.41,0.54,0.07,70.68,73.45,11.91,8.29,10191,45221
2024,7111,Bolaang Mongondow Selatan,Sulawesi Utara,11.33,7880.0,7.88,1.34,0.24,69.92,70.94,12.34,8.28,10114,40801
2024,7171,Kota Manado,Sulawesi Utara,5.43,23590.0,23.59,1.0,0.3,81.86,75.24,14.2,11.46,15301,115143
2024,7172,Kota Bitung,Sulawesi Utara,6.27,14500.0,14.5,1.11,0.25,76.9,74.43,12.67,9.96,13539,105343
2024,7173,Kota Tomohon,Sulawesi Utara,5.38,6070.0,6.07,0.8,0.22,80.06,75.57,14.38,11.03,13045,56563
2024,7174,Kota Kotamobagu,Sulawesi Utara,5.12,7050.0,7.05,0.5,0.08,76.86,74.97,13.05,10.35,12074,40400
2024,7201,Banggai,Sulawesi Tengah,6.56,26210.0,26.21,0.86,0.17,72.86,72.26,13.35,8.81,10772,107883
2024,7202,Poso,Sulawesi Tengah,14.23,39630.0,39.63,1.97,0.45,73.65,73.02,13.75,9.54,9948,50139
2024,7203,Donggala,Sulawesi Tengah,15.3,47680.0,47.68,3.0,0.75,68.71,70.74,12.62,8.0,9117,53143
2024,7204,Toli-Toli,Sulawesi Tengah,12.45,30390.0,30.39,1.73,0.42,70.38,71.31,13.17,8.91,8918,47349
2024,7205,Buol,Sulawesi Tengah,13.08,23050.0,23.05,2.2,0.47,70.89,71.3,13.18,9.2,9051,51137
2024,7206,Morowali,Sulawesi Tengah,11.55,14990.0,14.99,1.79,0.43,74.36,71.09,13.39,9.38,12281,1003150
2024,7207,Banggai Kepulauan,Sulawesi Tengah,12.32,14860.0,14.86,1.26,0.22,67.65,67.54,13.11,8.7,8375,43165
2024,7208,Parigi Moutong,Sulawesi Tengah,14.2,74570.0,74.57,3.36,1.08,69.48,68.72,12.52,8.05,10846,51059
2024,7209,Tojo Una Una,Sulawesi Tengah,16.36,26120.0,26.12,2.04,0.4,69.04,71.05,12.43,8.56,8863,43054
2024,7210,Sigi,Sulawesi Tengah,12.06,29800.0,29.8,2.52,0.7,70.9,71.33,13.13,9.04,9254,46534
2024,7211,Banggai Laut,Sulawesi Tengah,13.78,11160.0,11.16,1.76,0.35,69.65,71.04,13.04,8.65,8776,43549
2024,7212,Morowali Utara,Sulawesi Tengah,11.95,16740.0,16.74,1.89,0.39,71.64,72.35,12.44,9.13,10032,236449
2024,7271,Kota Palu,Sulawesi Tengah,5.94,24570.0,24.57,0.65,0.09,84.12,73.91,16.52,11.75,15941,83868
2024,7301,Kepulauan Selayar,Sulawesi Selatan,10.79,14940.0,14.94,1.62,0.38,71.98,73.48,12.84,8.49,10235,58447
2024,7302,Bulukumba,Sulawesi Selatan,6.71,28600.0,28.6,0.85,0.16,74.43,74.18,13.45,8.52,11807,44477
2024,7303,Bantaeng,Sulawesi Selatan,8.26,15800.0,15.8,0.89,0.16,72.2,72.85,12.79,7.26,12719,65483
2024,7304,Jeneponto,Sulawesi Selatan,11.82,43900.0,43.9,1.48,0.29,69.45,74.0,12.14,7.01,10158,31168
2024,7305,Takalar,Sulawesi Selatan,7.75,23510.0,23.51,1.22,0.29,72.06,73.69,12.5,7.73,11679,42358
2024,7306,Gowa,Sulawesi Selatan,6.85,55130.0,55.13,0.67,0.11,73.71,74.19,13.71,8.53,10700,37773
2024,7307,Sinjai,Sulawesi Selatan,7.82,19400.0,19.4,1.16,0.25,71.81,73.04,13.27,7.82,10665,59071
2024,7308,Bone,Sulawesi Selatan,9.58,73030.0,73.03,1.14,0.19,70.81,73.46,13.02,7.55,10084,60261
2024,7309,Maros,Sulawesi Selatan,9.32,34000.0,34.0,1.06,0.19,74.04,73.77,13.51,8.05,12209,69210
2024,7310,Pangkajene dan Kepulauan,Sulawesi Selatan,12.41,42940.0,42.94,1.78,0.38,73.87,73.11,12.81,8.47,12643,96355
2024,7311,Barru,Sulawesi Selatan,8.31,14640.0,14.64,1.11,0.22,74.51,72.75,13.63,8.8,12058,52275
2024,7312,Soppeng,Sulawesi Selatan,6.9,15900.0,15.9,0.79,0.15,72.76,73.77,13.22,8.45,10547,67261
2024,7313,Wajo,Sulawesi Selatan,6.47,26570.0,26.57,1.02,0.22,73.98,73.47,13.32,7.46,13608,66711
2024,7314,Sidenreng Rappang,Sulawesi Selatan,5.02,15480.0,15.48,0.51,0.08,74.81,74.45,13.03,8.21,13209,59305
2024,7315,Pinrang,Sulawesi Selatan,8.55,33040.0,33.04,1.37,0.34,75.43,74.63,13.28,8.53,13010,62766
2024,7316,Enrekang,Sulawesi Selatan,11.25,24060.0,24.06,1.89,0.44,75.83,74.07,13.88,9.11,12138,44006
2024,7317,Luwu,Sulawesi Selatan,11.7,44240.0,44.24,2.05,0.53,73.86,73.52,13.43,8.81,11121,59728
2024,7318,Tana Toraja,Sulawesi Selatan,10.79,26300.0,26.3,1.26,0.25,71.94,74.85,14.1,8.77,8319,34739
2024,7322,Luwu Utara,Sulawesi Selatan,11.24,36460.0,36.46,2.1,0.58,74.04,73.87,12.61,8.37,12866,58310
2024,7324,Luwu Timur,Sulawesi Selatan,6.55,20700.0,20.7,1.31,0.39,76.44,74.55,13.18,8.94,13867,97202
2024,7326,Toraja Utara,Sulawesi Selatan,10.73,25970.0,25.97,1.21,0.24,72.31,75.03,13.43,8.54,9292,47726
2024,7371,Kota Makassar,Sulawesi Selatan,4.97,79530.0,79.53,0.81,0.18,85.23,75.33,15.62,11.57,18386,165959
2024,7372,Kota Parepare,Sulawesi Selatan,5.27,7940.0,7.94,0.72,0.14,80.97,74.63,14.55,10.88,14928,61969
2024,7373,Kota Palopo,Sulawesi Selatan,7.35,14430.0,14.43,0.94,0.19,81.25,74.19,15.13,11.16,14369,56647
2024,7401,Kolaka,Sulawesi Tenggara,11.67,33200.0,33.2,1.78,0.47,76.2,73.68,13.04,9.38,13534,153413
2024,7402,Konawe,Sulawesi Tenggara,13.25,33990.0,33.99,2.33,0.65,74.5,72.85,13.05,9.69,11415,75702
2024,7403,Muna,Sulawesi Tenggara,13.78,31820.0,31.82,1.87,0.36,71.5,71.64,14.17,8.71,9107,41623
2024,7404,Buton,Sulawesi Tenggara,13.99,14410.0,14.41,1.68,0.35,69.72,70.47,13.89,8.63,8401,43410
2024,7405,Konawe Selatan,Sulawesi Tenggara,11.2,37090.0,37.09,1.59,0.34,71.51,71.8,12.79,8.76,10250,53949
2024,7406,Bombana,Sulawesi Tenggara,10.54,20560.0,20.56,1.15,0.21,68.85,71.03,11.91,8.1,9692,56988
2024,7407,Wakatobi,Sulawesi Tenggara,14.36,14930.0,14.93,2.87,0.83,72.03,70.88,13.53,8.53,10739,51916
2024,7408,Kolaka Utara,Sulawesi Tenggara,13.51,22070.0,22.07,2.65,0.66,71.75,70.67,12.22,8.82,11650,82701
2024,7409,Konawe Utara,Sulawesi Tenggara,13.17,8940.0,8.94,2.52,0.76,72.71,70.6,13.13,9.61,10658,77302
2024,7410,Buton Utara,Sulawesi Tenggara,14.09,9180.0,9.18,3.12,0.94,70.75,71.4,13.32,9.24,8746,61238
2024,7411,Kolaka Timur,Sulawesi Tenggara,13.71,20330.0,20.33,1.87,0.44,70.32,73.23,12.71,8.43,9012,48117
2024,7412,Konawe Kepulauan,Sulawesi Tenggara,15.54,5360.0,5.36,2.78,0.76,68.77,70.29,12.55,9.46,7996,49696
2024,7413,Muna Barat,Sulawesi Tenggara,13.38,11360.0,11.36,2.08,0.45,68.37,71.23,12.74,8.09,8458,38933
2024,7414,Buton Tengah,Sulawesi Tenggara,14.4,13520.0,13.52,1.82,0.32,67.58,70.47,13.22,7.35,8434,26136
2024,7415,Buton Selatan,Sulawesi Tenggara,14.28,11500.0,11.5,1.97,0.38,68.04,70.22,13.36,7.75,8386,37815
2024,7471,Kota Kendari,Sulawesi Tenggara,4.23,18200.0,18.2,0.7,0.14,85.97,75.47,16.92,12.55,15651,80970
2024,7472,Kota Bau Bau,Sulawesi Tenggara,7.4,13250.0,13.25,1.61,0.48,79.61,74.67,15.53,11.03,11755,72416
2024,7501,Gorontalo,Gorontalo,16.43,61910.0,61.91,3.41,0.89,70.96,70.99,13.22,7.95,10645,41742
2024,7502,Boalemo,Gorontalo,17.83,31530.0,31.53,3.75,1.12,69.34,71.43,12.49,7.31,10401,45564
2024,7503,Bone Bolango,Gorontalo,14.8,23670.0,23.67,2.86,0.72,72.82,70.4,13.69,8.52,11717,35453
2024,7504,Pohuwato,Gorontalo,17.11,28930.0,28.93,2.89,0.7,70.19,69.63,12.48,7.78,11618,55804
2024,7505,Gorontalo Utara,Gorontalo,16.86,18990.0,18.99,3.41,1.02,68.83,69.88,12.5,7.4,10476,33248
2024,7571,Kota Gorontalo,Gorontalo,5.74,12970.0,12.97,0.67,0.12,79.18,73.55,14.59,10.41,13860,54117
2024,7601,Pasangkayu,Sulawesi Barat,5.21,9950.0,9.95,0.66,0.11,71.04,70.41,12.09,8.13,12190,76843
2024,7602,Mamuju,Sulawesi Barat,7.15,22640.0,22.64,1.12,0.26,71.86,72.13,13.29,8.35,10440,53961
2024,7603,Mamasa,Sulawesi Barat,14.2,23610.0,23.61,1.75,0.33,68.68,72.27,12.6,8.13,8415,21884
2024,7604,Polewali Mandar,Sulawesi Barat,15.66,70420.0,70.42,3.09,0.88,69.88,71.08,13.5,7.72,9536,35453
2024,7605,Majene,Sulawesi Barat,13.64,24410.0,24.41,1.82,0.41,73.25,70.39,13.72,9.46,10909,35320
2024,7606,Mamuju Tengah,Sulawesi Barat,7.72,11160.0,11.16,0.92,0.19,68.53,70.05,12.68,7.94,9250,31422
2024,8101,Maluku Tengah,Maluku,17.67,66650.0,66.65,4.0,1.31,75.1,71.01,14.67,9.79,11183,25983
2024,8102,Maluku Tenggara,Maluku,21.22,21470.0,21.47,2.65,0.59,70.58,70.93,12.91,9.84,8553,34920
2024,8103,Kepulauan Tanimbar,Maluku,23.66,26760.0,26.76,4.23,1.03,67.69,70.2,12.34,9.92,7091,27728
2024,8104,Buru,Maluku,16.08,25020.0,25.02,2.47,0.58,72.55,70.34,13.24,9.02,11261,22256
2024,8105,Seram Bagian Timur,Maluku,21.03,24340.0,24.34,3.22,0.78,70.28,68.73,12.92,9.0,10049,25034
2024,8106,Seram Bagian Barat,Maluku,22.31,38780.0,38.78,3.38,0.81,72.54,71.18,13.7,9.59,9706,18037
2024,8107,Kepulauan Aru,Maluku,23.39,22450.0,22.45,4.56,1.23,69.0,70.4,12.37,9.21,8488,43620
2024,8108,Maluku Barat Daya,Maluku,27.95,20630.0,20.63,3.52,0.63,67.68,69.65,12.71,9.13,7600,36666
2024,8109,Buru Selatan,Maluku,14.91,9610.0,9.61,2.34,0.46,68.54,70.28,12.85,8.48,8474,23340
2024,8171,Kota Ambon,Maluku,5.13,25810.0,25.81,0.71,0.16,83.37,73.14,16.08,12.24,15196,54699
2024,8172,Kota Tual,Maluku,20.01,16170.0,16.17,3.03,0.65,72.48,71.72,14.02,10.67,8238,36846
2024,8201,Halmahera Barat,Maluku Utara,8.75,10650.0,10.65,1.49,0.36,69.2,70.72,13.25,8.59,8426,21359
2024,8202,Halmahera Tengah,Maluku Utara,10.71,6440.0,6.44,1.73,0.41,70.94,70.48,13.52,9.2,9140,532124
2024,8203,Halmahera Utara,Maluku Utara,4.71,9480.0,9.48,0.48,0.07,70.52,71.95,13.69,8.67,8607,34521
2024,8204,Halmahera Selatan,Maluku Utara,5.63,13690.0,13.69,0.53,0.08,68.43,70.54,13.04,8.42,8210,83147
2024,8205,Kepulauan Sula,Maluku Utara,7.96,8310.0,8.31,1.01,0.2,68.19,68.8,12.98,9.17,8020,30966
2024,8206,Halmahera Timur,Maluku Utara,11.91,12270.0,12.27,1.49,0.33,70.35,71.7,12.89,8.88,8999,55568
2024,8207,Pulau Morotai,Maluku Utara,5.11,3690.0,3.69,0.66,0.14,66.91,71.16,13.02,7.73,7523,25434
2024,8208,Pulau Taliabu,Maluku Utara,7.13,3970.0,3.97,1.08,0.3,64.88,67.25,12.88,7.99,7226,34281
2024,8271,Kota Ternate,Maluku Utara,3.14,7880.0,7.88,0.78,0.25,82.59,72.87,15.92,12.08,14731,70890
2024,8272,Kota Tidore Kepulauan,Maluku Utara,6.56,6720.0,6.72,0.95,0.21,74.01,72.52,14.49,10.12,9269,32017
2024,9103,Jayapura,Papua,11.6,15210.0,15.21,3.26,1.24,75.32,70.48,14.59,10.57,10848,117896
2024,9105,Kepulauan Yapen,Papua,25.69,26090.0,26.09,7.32,2.78,70.12,70.85,12.82,9.71,8409,44479
2024,9106,Biak Numfor,Papua,23.46,35940.0,35.94,6.22,2.13,74.95,70.92,14.24,10.55,10600,46470
2024,9110,Sarmi,Papua,14.05,5870.0,5.87,1.87,0.41,67.89,69.91,12.38,9.61,7499,88756
2024,9111,Keerom,Papua,15.84,9520.0,9.52,3.11,0.82,69.87,69.95,12.52,8.58,9967,56367
2024,9115,Waropen,Papua,29.85,10300.0,10.3,6.16,1.69,68.13,69.72,12.85,9.42,7569,68452
2024,9119,Supiori,Papua,37.72,8250.0,8.25,12.81,5.35,66.37,69.62,13.2,9.21,6474,50794
2024,9120,Mamberamo Raya,Papua,30.29,7890.0,7.89,3.37,0.55,59.48,68.95,12.04,6.49,5298,58533
2024,9171,Kota Jayapura,Papua,10.72,33840.0,33.84,2.35,0.79,81.98,71.99,15.27,12.07,15408,94848
2024,9202,Manokwari,Papua Barat,18.45,33290.0,33.29,3.3,0.82,75.15,72.51,13.79,8.67,13008,55260
2024,9203,Fak Fak,Papua Barat,20.86,17670.0,17.67,4.6,1.35,71.52,71.57,14.79,9.32,8159,69984
2024,9206,Teluk Bintuni,Papua Barat,26.99,19330.0,19.33,6.5,2.25,69.79,68.05,12.62,8.67,10592,574984
2024,9207,Teluk Wondama,Papua Barat,28.47,10300.0,10.3,4.68,1.15,64.52,65.5,11.91,7.38,8887,40739
2024,9208,Kaimana,Papua Barat,14.41,10060.0,10.06,3.17,1.01,69.2,69.2,12.51,8.97,9242,46446
2024,9211,Manokwari Selatan,Papua Barat,26.83,7640.0,7.64,5.17,1.54,62.45,68.26,12.78,7.17,6139,26227
2024,9212,Pegunungan Arfak,Papua Barat,31.76,11870.0,11.87,5.54,1.38,58.71,67.79,11.8,5.72,5722,8662
2024,9301,Merauke,Papua Selatan,10.19,24720.0,24.72,1.98,0.67,74.53,71.41,14.48,9.37,11077,84338
2024,9302,Boven Digoel,Papua Selatan,19.24,14050.0,14.05,3.96,1.17,68.16,69.17,11.67,9.42,8616,83796
2024,9303,Mappi,Papua Selatan,25.7,27180.0,27.18,4.58,1.2,61.66,66.34,11.29,7.16,7068,33262
2024,9304,Asmat,Papua Selatan,24.5,26240.0,26.24,4.17,1.04,57.63,68.05,9.71,5.82,6262,28616
2024,9401,Nabire,Papua Tengah,24.0,36020.0,36.02,5.85,2.08,72.28,70.06,12.82,10.42,9856,85204
2024,9402,Puncak Jaya,Papua Tengah,35.94,48780.0,48.78,9.81,3.48,52.47,67.91,7.53,4.42,6091,7077
2024,9403,Paniai,Papua Tengah,37.07,64340.0,64.34,6.78,1.82,59.61,69.64,10.54,4.81,7470,22570
2024,9404,Mimika,Papua Tengah,14.18,32090.0,32.09,3.82,1.42,76.85,73.06,13.16,10.72,12487,446333
2024,9405,Puncak,Papua Tengah,37.49,43730.0,43.73,5.98,1.22,45.7,66.82,5.6,2.39,6363,14455
2024,9406,Dogiyai,Papua Tengah,30.03,30420.0,30.42,6.1,1.59,57.72,66.59,10.63,4.98,6755,13157
2024,9407,Intan Jaya,Papua Tengah,41.42,22250.0,22.25,12.46,4.66,50.92,66.74,7.7,3.28,6463,10187
2024,9408,Deiyai,Papua Tengah,39.01,30850.0,30.85,4.76,1.01,52.29,66.66,9.86,3.29,5509,16593
2024,9501,Jayawijaya,Papua Pegunungan,32.28,68360.0,68.36,7.85,2.6,65.38,69.98,12.85,5.99,8534,40727
2024,9502,Pegunungan Bintang,Papua Pegunungan,28.95,22870.0,22.87,6.1,1.83,49.69,66.1,7.01,3.51,6196,30334
2024,9503,Yahukimo,Papua Pegunungan,33.82,68320.0,68.32,4.67,0.93,51.97,66.51,8.05,4.35,5747,8478
2024,9504,Tolikara,Papua Pegunungan,31.22,48730.0,48.73,2.79,0.42,52.31,67.22,9.03,3.69,5653,8830
2024,9505,Mamberamo Tengah,Papua Pegunungan,35.27,20200.0,20.2,5.1,1.31,52.5,68.99,9.78,3.7,4943,28976
2024,9506,Yalimo,Papua Pegunungan,30.02,21440.0,21.44,9.19,4.26,51.85,66.12,9.8,3.55,5226,15773
2024,9507,Lanny Jaya,Papua Pegunungan,34.12,72100.0,72.1,6.73,2.01,51.84,67.29,9.44,3.83,5026,11955
2024,9508,Nduga,Papua Pegunungan,36.28,43420.0,43.42,5.42,1.22,38.88,63.9,4.45,1.92,4597,14377
2024,9601,Sorong,Papua Barat Daya,25.71,25690.0,25.69,6.81,2.35,69.69,70.08,14.08,8.74,8283,101149
2024,9602,Sorong Selatan,Papua Barat Daya,17.83,9400.0,9.4,3.85,1.07,64.54,67.23,13.29,7.76,6928,41485
2024,9603,Raja Ampat,Papua Barat Daya,15.83,8130.0,8.13,3.1,0.87,66.6,67.12,12.12,8.4,8761,58576
2024,9604,Tambrauw,Papua Barat Daya,29.88,5020.0,5.02,4.55,1.09,58.31,65.89,12.45,5.89,5489,9726
2024,9605,Maybrat,Papua Barat Daya,29.18,13350.0,13.35,4.48,1.08,61.83,65.97,13.51,7.44,5824,18161
2024,9671,Kota Sorong,Papua Barat Daya,13.67,40680.0,40.68,3.07,1.01,80.55,73.19,14.43,11.57,14368,57358
2025,1101,Aceh Selatan,Aceh,9.89,25390.0,25.39,1.552,0.461,72.79,70.81,14.72,9.25,9573,32867
2025,1102,Aceh Tenggara,Aceh,9.78,22520.0,22.52,1.036,0.162,74.36,73.01,14.52,10.39,9097,30391
2025,1103,Aceh Timur,Aceh,11.24,52230.0,52.23,1.021,0.151,72.2,72.45,13.09,8.8,10284,35007
2025,1104,Aceh Tengah,Aceh,12.29,27760.0,27.76,2.371,0.726,78.09,73.29,15.04,10.35,12175,50101
2025,1105,Aceh Barat,Aceh,15.5,34550.0,34.55,2.45,0.533,76.3,72.31,14.94,10.27,10937,71015
2025,1106,Aceh Besar,Aceh,11.05,49900.0,49.9,1.896,0.529,77.46,73.51,14.92,10.69,11072,45054
2025,1107,Pidie,Aceh,16.46,77700.0,77.7,1.993,0.383,74.46,70.19,14.53,9.37,11607,34056
2025,1108,Aceh Utara,Aceh,14.27,93430.0,93.43,2.058,0.467,74.29,73.01,14.76,9.38,9813,48218
2025,1109,Simeulue,Aceh,15.52,15580.0,15.58,2.227,0.458,71.94,69.92,14.59,10.09,8555,34332
2025,1110,Aceh Singkil,Aceh,17.07,22510.0,22.51,3.237,0.913,72.62,70.15,14.37,9.05,10227,27120
2025,1111,Bireuen,Aceh,10.3,51600.0,51.6,1.168,0.192,76.29,74.13,14.98,9.92,10418,42652
2025,1112,Aceh Barat Daya,Aceh,13.3,21470.0,21.47,1.965,0.413,72.1,70.95,13.7,9.11,9922,35876
2025,1113,Gayo Lues,Aceh,16.77,16590.0,16.59,1.808,0.296,72.61,70.12,14.73,8.75,10237,34968
2025,1114,Aceh Jaya,Aceh,10.37,10500.0,10.5,1.621,0.365,74.2,71.15,14.07,9.34,11324,38503
2025,1115,Nagan Raya,Aceh,15.42,27240.0,27.24,2.337,0.633,73.87,72.95,14.19,9.57,9759,74571
2025,1116,Aceh Tamiang,Aceh,10.84,33960.0,33.96,1.528,0.334,74.78,74.12,14.52,9.42,9959,38379
2025,1117,Bener Meriah,Aceh,16.2,25590.0,25.59,3.079,0.877,77.48,73.27,13.93,10.41,12657,40348
2025,1118,Pidie Jaya,Aceh,16.12,27620.0,27.62,2.432,0.556,77.04,73.62,15.02,9.8,11543,29752
2025,1171,Kota Banda Aceh,Aceh,5.45,15870.0,15.87,0.71,0.136,89.55,75.74,17.95,13.37,18356,104356
2025,1172,Kota Sabang,Aceh,12.75,4550.0,4.55,2.012,0.504,80.04,73.88,14.98,11.23,13040,44820
2025,1173,Kota Lhokseumawe,Aceh,9.01,19900.0,19.9,1.368,0.334,81.75,75.29,15.56,11.64,13071,62538
2025,1174,Kota Langsa,Aceh,8.59,16280.0,16.28,1.44,0.377,81.77,74.41,15.72,11.6,13510,38412
2025,1175,Kota Subulussalam,Aceh,13.88,11950.0,11.95,2.794,0.723,71.63,70.01,15.32,8.75,8910,29503
2025,1201,Tapanuli Tengah,Sumatera Utara,11.03,46790.0,46.79,1.885,0.485,73.97,72.2,13.51,8.93,11687,36137
2025,1202,Tapanuli Utara,Sumatera Utara,7.47,23290.0,23.29,0.897,0.166,78.09,74.7,13.75,10.5,12643,36426
2025,1203,Tapanuli Selatan,Sumatera Utara,6.16,17770.0,17.77,0.608,0.104,75.78,71.97,13.9,9.6,12557,73793
2025,1204,Nias,Sumatera Utara,14.51,21230.0,21.23,1.952,0.415,66.79,72.04,13.32,6.41,8115,35990
2025,1205,Langkat,Sumatera Utara,8.42,90280.0,90.28,1.141,0.222,75.58,74.72,13.29,8.95,12452,62527
2025,1206,Karo,Sumatera Utara,6.66,30670.0,30.67,0.615,0.114,78.1,74.71,13.27,10.3,13583,70508
2025,1207,Deli Serdang,Sumatera Utara,3.11,77700.0,77.7,0.553,0.164,78.29,74.02,13.46,10.5,13697,78077
2025,1208,Simalungun,Sumatera Utara,6.91,61120.0,61.12,1.013,0.19,76.48,74.59,13.16,9.74,12585,60712
2025,1209,Asahan,Sumatera Utara,7.18,54570.0,54.57,1.103,0.29,75.13,73.93,12.84,9.06,12760,76576
2025,1210,Labuhanbatu,Sumatera Utara,7.37,40490.0,40.49,0.659,0.105,75.79,73.45,13.3,9.53,12537,104032
2025,1211,Dairi,Sumatera Utara,6.98,20050.0,20.05,0.56,0.091,76.68,74.71,13.54,10.09,11794,40478
2025,1212,Toba,Sumatera Utara,7.21,13460.0,13.46,0.877,0.179,79.17,74.98,13.82,10.78,13333,49330
2025,1213,Mandailing Natal,Sumatera Utara,7.91,37160.0,37.16,0.751,0.124,74.26,72.06,14.1,9.17,11100,42926
2025,1214,Nias Selatan,Sumatera Utara,16.16,54290.0,54.29,2.228,0.509,66.74,71.92,13.12,6.61,8082,24242
2025,1215,Pakpak Bharat,Sumatera Utara,6.4,3530.0,3.53,0.709,0.148,73.89,73.35,13.92,9.94,9462,32695
2025,1216,Humbang Hasundutan,Sumatera Utara,7.8,15620.0,15.62,1.011,0.177,73.93,74.55,13.47,10.26,9097,42161
2025,1217,Samosir,Sumatera Utara,10.79,13800.0,13.8,0.84,0.086,74.63,74.68,13.53,9.81,10057,44948
2025,1218,Serdang Bedagai,Sumatera Utara,6.18,38140.0,38.14,0.618,0.123,74.69,73.76,12.66,9.13,12429,66022
2025,1219,Batu Bara,Sumatera Utara,10.1,44280.0,44.28,1.128,0.197,73.92,73.4,13.13,8.71,11747,115740
2025,1220,Padang Lawas Utara,Sumatera Utara,8.04,24800.0,24.8,0.938,0.171,75.12,71.94,13.73,10.05,11371,68393
2025,1221,Padang Lawas,Sumatera Utara,7.32,23690.0,23.69,0.749,0.143,73.9,71.87,14.11,9.64,10258,71948
2025,1222,Labuhanbatu Selatan,Sumatera Utara,6.8,26120.0,26.12,1.059,0.338,75.74,73.01,13.54,9.29,12797,134913
2025,1223,Labuhanbatu Utara,Sumatera Utara,8.42,32090.0,32.09,1.493,0.382,76.71,74.45,13.59,9.15,13347,95498
2025,1224,Nias Utara,Sumatera Utara,20.79,29650.0,29.65,4.0,1.147,67.38,72.48,13.38,7.25,7606,31766
2025,1225,Nias Barat,Sumatera Utara,22.47,18640.0,18.64,2.234,0.341,66.65,72.82,13.17,7.43,7032,26953
2025,1271,Kota Medan,Sumatera Utara,7.25,171600.0,171.6,1.309,0.345,83.74,75.54,14.8,11.8,16489,141412
2025,1272,Kota Pematangsiantar,Sumatera Utara,6.24,16530.0,16.53,0.431,0.054,81.71,75.42,14.62,11.83,13783,66086
2025,1273,Kota Sibolga,Sumatera Utara,10.28,9020.0,9.02,1.294,0.239,78.11,74.38,13.44,10.46,13317,82119
2025,1274,Kota Tanjungbalai,Sumatera Utara,10.67,20020.0,20.02,1.614,0.375,76.7,74.4,13.16,9.9,12726,69877
2025,1275,Kota Binjai,Sumatera Utara,4.71,13870.0,13.87,0.676,0.14,79.2,74.81,14.19,11.21,12409,53531
2025,1276,Kota Tebing Tinggi,Sumatera Utara,8.74,15360.0,15.36,1.062,0.249,79.26,74.58,13.14,10.88,14499,45172
2025,1277,Kota Padangsidimpuan,Sumatera Utara,5.61,13570.0,13.57,0.534,0.063,79.19,73.97,14.72,11.22,12274,37452
2025,1278,Kota Gunungsitoli,Sumatera Utara,13.85,21050.0,21.05,2.01,0.426,73.29,74.47,13.95,8.95,9477,51839
2025,1301,Pesisir Selatan,Sumatera Barat,6.52,31530.0,31.53,0.973,0.22,73.72,73.68,13.38,9.06,10633,37672
2025,1302,Solok,Sumatera Barat,6.52,25230.0,25.23,0.629,0.103,73.26,72.82,13.66,8.25,11318,46728
2025,1303,Sijunjung,Sumatera Barat,5.15,13550.0,13.55,0.656,0.14,73.73,73.3,12.99,8.66,11829,54192
2025,1304,Tanah Datar,Sumatera Barat,3.59,12570.0,12.57,0.214,0.024,77.04,74.35,15.06,9.46,11552,47033
2025,1305,Padang Pariaman,Sumatera Barat,5.86,25080.0,25.08,0.795,0.177,75.71,74.04,14.21,8.78,12089,59510
2025,1306,Agam,Sumatera Barat,5.97,30570.0,30.57,0.669,0.103,76.04,74.63,14.26,9.57,11034,52226
2025,1307,Lima Puluh Kota,Sumatera Barat,6.1,24610.0,24.61,0.633,0.103,73.43,73.64,13.53,8.49,10917,55424
2025,1308,Pasaman,Sumatera Barat,6.02,18000.0,18.0,0.655,0.116,71.6,72.76,13.65,8.49,9418,39977
2025,1309,Kepulauan Mentawai,Sumatera Barat,13.22,13740.0,13.74,1.879,0.459,67.62,71.4,13.17,8.21,7451,70078
2025,1310,Dharmasraya,Sumatera Barat,4.61,13520.0,13.52,0.552,0.117,75.7,74.34,13.02,9.31,12604,62070
2025,1311,Solok Selatan,Sumatera Barat,6.0,11440.0,11.44,0.927,0.215,74.01,72.77,13.08,9.2,11542,41091
2025,1312,Pasaman Barat,Sumatera Barat,6.3,31680.0,31.68,0.846,0.143,73.69,73.17,13.73,9.28,10231,49730
2025,1371,Kota Padang,Sumatera Barat,3.63,37380.0,37.38,0.599,0.163,84.93,75.59,16.58,11.64,15957,92210
2025,1372,Kota Solok,Sumatera Barat,2.91,2310.0,2.31,0.35,0.069,80.9,75.3,14.59,11.38,13504,72531
2025,1373,Kota Sawahlunto,Sumatera Barat,2.72,1790.0,1.79,0.331,0.122,77.05,74.21,13.89,10.54,11501,78072
2025,1374,Kota Padang Panjang,Sumatera Barat,4.97,2900.0,2.9,0.429,0.052,81.32,74.86,15.74,12.01,12148,84091
2025,1375,Kota Bukittinggi,Sumatera Barat,3.78,5460.0,5.46,0.44,0.112,83.05,76.06,15.29,11.66,14579,98634
2025,1376,Kota Payakumbuh,Sumatera Barat,4.95,7370.0,7.37,0.535,0.089,81.62,75.54,14.79,11.08,14536,66037
2025,1377,Kota Pariaman,Sumatera Barat,3.83,3630.0,3.63,0.44,0.07,81.27,74.62,14.81,11.32,14261,73255
2025,1401,Kampar,Riau,6.29,58710.0,58.71,0.94,0.194,76.97,75.05,13.7,9.78,12200,139238
2025,1402,Indragiri Hulu,Riau,5.83,26880.0,26.88,0.44,0.085,73.48,73.97,12.78,8.62,11495,138340
2025,1403,Bengkalis,Riau,6.08,35110.0,35.11,0.635,0.113,77.02,74.68,13.47,9.93,12521,292063
2025,1404,Indragiri Hilir,Riau,4.95,35970.0,35.97,0.348,0.063,70.74,72.55,12.39,7.49,11248,151246
2025,1405,Pelalawan,Riau,7.24,43490.0,43.49,0.859,0.182,75.8,74.98,12.92,8.97,13052,201842
2025,1406,Rokan Hulu,Riau,8.71,70650.0,70.65,0.835,0.177,73.61,73.79,13.03,9.11,10769,108513
2025,1407,Rokan Hilir,Riau,7.16,55490.0,55.49,1.162,0.357,73.07,74.18,12.9,8.55,10895,158403
2025,1408,Siak,Riau,4.4,23500.0,23.5,0.399,0.057,77.19,74.34,13.02,9.93,13546,268741
2025,1409,Kuantan Singingi,Riau,6.99,22680.0,22.68,0.736,0.155,74.62,73.34,13.39,9.33,11400,165729
2025,1410,Kepulauan Meranti,Riau,20.51,39410.0,39.41,3.045,0.695,70.2,72.4,12.9,8.13,9380,137262
2025,1471,Kota Pekanbaru,Riau,3.19,39160.0,39.16,0.337,0.081,84.91,76.37,15.85,12.08,15610,178023
2025,1472,Kota Dumai,Riau,3.08,9920.0,9.92,0.202,0.018,77.58,73.77,13.36,10.3,13369,171171
2025,1501,Kerinci,Jambi,7.48,18280.0,18.28,0.794,0.138,75.1,73.66,14.18,8.76,11650,61231
2025,1502,Merangin,Jambi,8.07,32380.0,32.38,1.6,0.446,73.41,74.4,12.5,8.41,11847,73667
2025,1503,Sarolangun,Jambi,8.74,28080.0,28.08,1.18,0.247,74.72,73.94,12.82,8.6,13030,79338
2025,1504,Batanghari,Jambi,8.27,22830.0,22.83,1.324,0.275,73.94,75.14,13.2,8.41,11219,89310
2025,1505,Muaro Jambi,Jambi,4.32,21050.0,21.05,0.394,0.092,73.87,75.06,13.38,8.72,10579,102140
2025,1506,Tanjung Jabung Barat,Jambi,9.67,33880.0,33.88,1.012,0.141,73.0,73.75,12.71,8.54,11266,182033
2025,1507,Tanjung Jabung Timur,Jambi,9.96,21540.0,21.54,1.402,0.305,71.28,74.82,12.22,7.71,10626,127737
2025,1508,Bungo,Jambi,5.17,20730.0,20.73,0.698,0.162,75.15,74.35,12.92,8.61,13182,75853
2025,1509,Tebo,Jambi,5.97,22100.0,22.1,0.399,0.067,73.41,73.88,13.2,8.05,11791,69024
2025,1571,Kota Jambi,Jambi,7.69,47210.0,47.21,1.128,0.226,82.32,75.53,15.56,11.59,13706,73339
2025,1572,Kota Sungai Penuh,Jambi,3.23,2870.0,2.87,0.16,0.014,78.89,74.7,14.85,10.75,11994,108706
2025,1601,Ogan Komering Ulu,Sumatera Selatan,10.08,39580.0,39.58,1.478,0.331,74.47,73.97,13.01,9.07,11700,57539
2025,1602,Ogan Komering Ilir,Sumatera Selatan,11.84,105260.0,105.26,1.355,0.262,72.2,74.47,11.99,7.49,12547,62413
2025,1603,Muara Enim,Sumatera Selatan,9.45,64820.0,64.82,1.282,0.28,73.77,74.82,12.03,8.45,12646,197853
2025,1604,Lahat,Sumatera Selatan,13.69,58660.0,58.66,2.546,0.716,73.75,73.93,12.46,9.03,11620,71122
2025,1605,Musi Rawas,Sumatera Selatan,12.67,54700.0,54.7,1.329,0.227,71.92,74.45,12.43,7.61,11407,65504
2025,1606,Musi Banyuasin,Sumatera Selatan,9.97,69610.0,69.61,1.492,0.38,73.17,74.72,12.34,8.29,11790,150064
2025,1607,Banyuasin,Sumatera Selatan,8.48,77630.0,77.63,1.077,0.22,72.42,74.73,12.54,7.65,11638,48766
2025,1608,Ogan Komering Ulu Timur,Sumatera Selatan,8.86,62890.0,62.89,0.967,0.179,74.42,74.8,12.66,8.13,13154,33145
2025,1609,Ogan Komering Ulu Selatan,Sumatera Selatan,9.17,35490.0,35.49,1.273,0.265,70.98,73.74,12.02,8.48,10010,29443
2025,1610,Ogan Ilir,Sumatera Selatan,11.69,53210.0,53.21,1.451,0.368,73.21,73.78,12.43,8.16,12445,37001
2025,1611,Empat Lawang,Sumatera Selatan,10.48,27880.0,27.88,1.444,0.324,70.56,71.14,12.12,8.02,11315,21151
2025,1612,Penukal Abab Lematang Ilir,Sumatera Selatan,9.27,18870.0,18.87,1.013,0.193,70.55,74.33,12.69,7.42,9965,49703
2025,1613,Musi Rawas Utara,Sumatera Selatan,15.25,31250.0,31.25,2.22,0.472,71.39,73.46,12.07,7.8,11460,50163
2025,1671,Kota Palembang,Sumatera Selatan,9.04,162310.0,162.31,1.403,0.322,83.27,76.26,14.47,11.25,16725,130917
2025,1672,Kota Pagar Alam,Sumatera Selatan,7.7,11200.0,11.2,0.816,0.116,74.92,74.18,13.51,9.78,10610,27708
2025,1673,Kota Lubuk Linggau,Sumatera Selatan,10.49,26350.0,26.35,1.098,0.159,79.94,75.46,13.88,10.15,15090,37690
2025,1674,Kota Prabumulih,Sumatera Selatan,9.75,19890.0,19.89,1.187,0.245,79.17,75.33,13.42,10.37,14342,55058
2025,1701,Bengkulu Selatan,Bengkulu,15.72,29820.0,29.82,2.566,0.569,75.32,73.32,13.67,9.6,11518,48580
2025,1702,Rejang Lebong,Bengkulu,11.71,33190.0,33.19,1.818,0.411,75.87,74.17,14.21,9.05,11824,48053
2025,1703,Bengkulu Utara,Bengkulu,10.07,31990.0,31.99,1.089,0.197,73.56,73.52,12.93,8.35,12045,43622
2025,1704,Kaur,Bengkulu,15.82,20260.0,20.26,2.613,0.6,72.45,73.31,13.16,8.71,10180,40155
2025,1705,Seluma,Bengkulu,15.98,32810.0,32.81,3.501,1.044,71.85,73.19,13.34,8.34,9919,31160
2025,1706,Mukomuko,Bengkulu,10.05,19670.0,19.67,1.535,0.348,74.45,74.31,13.06,8.65,12055,40606
2025,1707,Lebong,Bengkulu,10.1,12200.0,12.2,1.556,0.316,74.1,73.1,12.92,8.48,12776,43585
2025,1708,Kepahiang,Bengkulu,10.38,15200.0,15.2,0.929,0.171,72.96,72.61,13.31,8.61,11010,43404
2025,1709,Bengkulu Tengah,Bengkulu,9.74,11610.0,11.61,1.55,0.327,72.48,72.71,13.64,7.94,10973,57775
2025,1771,Kota Bengkulu,Bengkulu,11.91,46230.0,46.23,1.828,0.419,84.59,75.14,16.08,11.95,15971,88539
2025,1801,Lampung Selatan,Lampung,12.05,127740.0,127.74,2.041,0.602,73.1,74.84,12.79,7.98,11540,57931
2025,1802,Lampung Tengah,Lampung,9.59,127830.0,127.83,1.581,0.423,74.86,74.7,13.18,8.17,12975,68413
2025,1803,Lampung Utara,Lampung,15.78,98990.0,98.99,2.584,0.684,72.28,74.41,12.64,8.63,10160,51760
2025,1804,Lampung Barat,Lampung,9.93,31230.0,31.23,1.515,0.392,73.14,74.24,12.31,8.57,11612,33739
2025,1805,Tulang Bawang,Lampung,7.54,36140.0,36.14,0.792,0.164,73.11,74.32,12.39,7.9,12513,72989
2025,1806,Tanggamus,Lampung,10.1,63560.0,63.56,1.071,0.189,71.36,74.39,12.34,7.63,10888,33516
2025,1807,Lampung Timur,Lampung,12.15,132170.0,132.17,1.591,0.324,73.92,74.54,13.0,8.46,11670,52319
2025,1808,Way Kanan,Lampung,9.36,44170.0,44.17,1.246,0.252,71.98,74.61,12.53,7.91,10831,41733
2025,1809,Pesawaran,Lampung,10.93,51090.0,51.09,1.327,0.223,70.9,74.3,12.64,8.01,9638,46313
2025,1810,Pringsewu,Lampung,7.6,31660.0,31.66,0.582,0.1,74.76,74.92,13.09,8.72,11950,38197
2025,1811,Mesuji,Lampung,5.92,12140.0,12.14,0.476,0.066,69.4,74.16,11.97,7.3,9843,62954
2025,1812,Tulang Bawang Barat,Lampung,6.72,19040.0,19.04,0.642,0.087,70.61,74.55,12.13,7.81,10032,55874
2025,1813,Pesisir Barat,Lampung,12.13,19510.0,19.51,1.698,0.351,71.72,74.21,12.31,8.76,9879,38200
2025,1871,Kota Bandar Lampung,Lampung,6.95,80190.0,80.19,1.142,0.27,81.26,75.21,14.74,11.11,14270,70118
2025,1872,Kota Metro,Lampung,6.44,11580.0,11.58,0.547,0.066,81.22,75.86,14.97,11.19,13380,51741
2025,1901,Bangka,Bangka Belitung,4.71,16580.0,16.58,0.507,0.085,75.38,73.56,13.13,8.77,13411,63272
2025,1902,Belitung,Bangka Belitung,6.44,12760.0,12.76,0.625,0.113,75.29,73.13,12.1,9.11,14559,78751
2025,1903,Bangka Selatan,Bangka Belitung,4.17,9130.0,9.13,0.496,0.085,70.83,72.07,11.78,7.25,12920,61995
2025,1904,Bangka Tengah,Bangka Belitung,6.7,13710.0,13.71,0.953,0.241,73.1,74.11,12.34,7.33,13768,60591
2025,1905,Bangka Barat,Bangka Belitung,2.92,6510.0,6.51,0.224,0.043,72.23,72.35,11.95,7.8,13380,97858
2025,1906,Belitung Timur,Bangka Belitung,6.69,9040.0,9.04,1.347,0.352,73.99,74.12,11.78,9.03,12694,89142
2025,1971,Kota Pangkal Pinang,Bangka Belitung,4.5,9990.0,9.99,0.636,0.134,81.64,75.64,13.5,10.9,16856,87213
2025,2101,Bintan,Kepulauan Riau,4.77,8110.0,8.11,0.518,0.099,78.65,75.21,13.46,9.45,15303,193677
2025,2102,Karimun,Kepulauan Riau,5.16,12560.0,12.56,0.487,0.085,76.08,75.05,12.63,9.06,13649,74982
2025,2103,Natuna,Kepulauan Riau,4.81,4010.0,4.01,0.708,0.14,78.94,74.77,13.95,9.25,15683,281436
2025,2104,Lingga,Kepulauan Riau,9.12,8240.0,8.24,0.931,0.149,73.82,74.04,12.77,7.87,13108,57827
2025,2105,Kepulauan Anambas,Kepulauan Riau,6.35,2860.0,2.86,1.017,0.262,74.07,74.05,13.07,7.79,13141,399577
2025,2171,Kota Batam,Kepulauan Riau,3.81,68040.0,68.04,0.755,0.243,83.8,75.54,13.57,11.34,19944,195565
2025,2172,Kota Tanjung Pinang,Kepulauan Riau,5.96,13470.0,13.47,0.472,0.057,82.02,75.27,14.19,10.8,16838,111013
2025,3101,Kepulauan Seribu,DKI Jakarta,12.37,3350.0,3.35,1.95,0.425,77.52,75.24,12.97,9.27,14691,256168
2025,3171,Kota Jakarta Pusat,DKI Jakarta,4.7,43060.0,43.06,0.604,0.109,84.45,76.91,13.5,11.62,19309,949177
2025,3172,Kota Jakarta Utara,DKI Jakarta,6.33,119020.0,119.02,0.989,0.227,83.12,75.32,13.05,11.08,20584,392506
2025,3173,Kota Jakarta Barat,DKI Jakarta,3.91,106390.0,106.39,0.683,0.158,85.18,76.23,13.47,11.25,22831,269434
2025,3174,Kota Jakarta Selatan,DKI Jakarta,3.23,75660.0,75.66,0.505,0.103,88.51,76.55,14.28,12.06,26387,409066
2025,3175,Kota Jakarta Timur,DKI Jakarta,3.94,117400.0,117.4,0.374,0.053,85.51,75.93,14.32,12.01,19824,218523
2025,3201,Bogor,Jawa Barat,6.26,401860.0,401.86,1.04,0.234,74.53,75.23,12.76,8.72,11933,58788
2025,3202,Sukabumi,Jawa Barat,6.41,164630.0,164.63,1.038,0.282,71.13,75.12,12.4,7.63,10244,33442
2025,3203,Cianjur,Jawa Barat,9.82,232610.0,232.61,1.391,0.384,69.84,75.05,12.31,7.62,9173,26555
2025,3204,Bandung,Jawa Barat,6.04,236060.0,236.06,0.824,0.18,75.58,75.7,12.99,9.4,11619,47558
2025,3205,Garut,Jawa Barat,9.39,252560.0,252.56,1.384,0.341,70.67,75.14,12.43,7.86,9479,31287
2025,3206,Tasikmalaya,Jawa Barat,10.15,185990.0,185.99,1.535,0.38,70.76,74.37,12.92,7.98,9258,28081
2025,3207,Ciamis,Jawa Barat,7.19,88720.0,88.72,0.709,0.105,74.33,75.69,14.31,8.23,10406,36794
2025,3208,Kuningan,Jawa Barat,10.74,119670.0,119.67,1.378,0.262,72.31,75.64,12.52,7.91,10707,34235
2025,3209,Cirebon,Jawa Barat,10.23,229640.0,229.64,1.79,0.467,73.27,75.39,12.67,7.88,11769,30639
2025,3210,Majalengka,Jawa Barat,10.31,128670.0,128.67,1.157,0.239,72.37,75.32,12.5,7.81,11094,37079
2025,3211,Sumedang,Jawa Barat,8.81,105820.0,105.82,1.488,0.345,75.5,75.7,13.21,8.92,11963,42652
2025,3212,Indramayu,Jawa Barat,11.02,196780.0,196.78,1.897,0.515,71.58,75.16,12.58,7.06,11316,59333
2025,3213,Subang,Jawa Barat,9.23,148990.0,148.99,1.417,0.361,73.0,75.41,12.38,7.68,12144,34956
2025,3214,Purwakarta,Jawa Barat,7.87,76510.0,76.51,0.974,0.183,74.97,75.28,12.51,8.37,13400,89218
2025,3215,Karawang,Jawa Barat,7.08,169800.0,169.8,1.123,0.293,74.59,75.57,12.22,8.31,13251,130653
2025,3216,Bekasi,Jawa Barat,4.36,191000.0,191.0,0.443,0.091,77.8,75.71,13.22,10.07,13004,136696
2025,3217,Bandung Barat,Jawa Barat,9.87,169660.0,169.66,1.309,0.302,71.65,75.44,12.26,8.34,9862,34549
2025,3218,Pangandaran,Jawa Barat,8.03,33090.0,33.09,0.873,0.131,71.66,75.45,12.41,8.11,9995,38393
2025,3271,Kota Bogor,Jawa Barat,5.89,67160.0,67.16,0.701,0.134,79.75,76.25,13.69,10.72,13571,60701
2025,3272,Kota Sukabumi,Jawa Barat,6.9,23170.0,23.17,0.837,0.168,78.23,75.45,13.63,10.39,12692,47649
2025,3273,Kota Bandung,Jawa Barat,3.78,99120.0,99.12,0.587,0.139,84.66,76.3,14.27,11.41,19280,158495
2025,3274,Kota Cirebon,Jawa Barat,8.66,28120.0,28.12,0.936,0.163,78.99,75.97,13.45,10.54,13341,95182
2025,3275,Kota Bekasi,Jawa Barat,3.96,129540.0,129.54,0.513,0.08,84.43,76.61,14.15,12.11,17216,52514
2025,3276,Kota Depok,Jawa Barat,2.31,63450.0,63.45,0.307,0.067,84.04,76.3,14.21,11.83,17279,46686
2025,3277,Kota Cimahi,Jawa Barat,4.2,25970.0,25.97,0.344,0.042,80.85,76.0,13.86,11.53,13697,76989
2025,3278,Kota Tasikmalaya,Jawa Barat,10.84,75220.0,75.22,1.887,0.45,76.59,75.66,13.51,9.64,11849,42129
2025,3279,Kota Banjar,Jawa Barat,5.73,10970.0,10.97,0.811,0.158,75.54,75.35,13.29,8.84,12222,28051
2025,3301,Cilacap,Jawa Tengah,9.41,164220.0,164.22,1.391,0.313,73.45,75.3,12.7,7.65,12371,69736
2025,3302,Banyumas,Jawa Tengah,11.15,194870.0,194.87,1.796,0.427,75.44,74.79,13.53,8.1,13301,42784
2025,3303,Purbalingga,Jawa Tengah,12.55,121800.0,121.8,1.565,0.299,71.71,74.48,12.11,7.37,11949,34427
2025,3304,Banjarnegara,Jawa Tengah,13.28,124660.0,124.66,1.8,0.365,70.61,74.86,12.04,7.1,10992,29366
2025,3305,Kebumen,Jawa Tengah,13.58,162540.0,162.54,1.954,0.402,73.17,75.56,13.42,7.89,10658,28999
2025,3306,Purworejo,Jawa Tengah,10.06,72180.0,72.18,1.537,0.335,75.93,76.06,13.58,8.74,12085,33035
2025,3307,Wonosobo,Jawa Tengah,13.34,106290.0,106.29,2.25,0.542,71.5,74.56,12.05,6.91,12552,28721
2025,3308,Magelang,Jawa Tengah,9.9,132210.0,132.21,1.036,0.17,73.09,74.93,12.83,8.04,11343,34751
2025,3309,Boyolali,Jawa Tengah,8.71,86970.0,86.97,1.251,0.309,76.95,76.76,12.9,8.41,14594,44028
2025,3310,Klaten,Jawa Tengah,11.0,129680.0,129.68,1.625,0.381,78.68,77.69,13.44,9.3,13948,44917
2025,3311,Sukoharjo,Jawa Tengah,6.83,62660.0,62.66,0.619,0.098,79.9,78.21,14.03,10.02,13238,56279
2025,3312,Wonogiri,Jawa Tengah,9.59,91900.0,91.9,1.39,0.283,73.42,77.3,12.76,7.85,10938,40506
2025,3313,Karanganyar,Jawa Tengah,8.48,77660.0,77.66,0.908,0.17,78.67,78.21,13.74,9.27,13244,56882
2025,3314,Sragen,Jawa Tengah,11.22,100080.0,100.08,2.176,0.596,76.38,76.48,13.21,7.89,14461,55523
2025,3315,Grobogan,Jawa Tengah,10.63,148100.0,148.1,1.866,0.465,72.94,75.57,12.58,7.51,11991,26421
2025,3316,Blora,Jawa Tengah,10.58,92010.0,92.01,1.265,0.27,72.35,75.23,12.83,7.45,11240,38547
2025,3317,Rembang,Jawa Tengah,13.01,85320.0,85.32,3.345,1.073,73.4,75.29,12.5,7.89,12189,41352
2025,3318,Pati,Jawa Tengah,8.24,105270.0,105.27,1.143,0.24,74.98,76.83,13.08,8.09,12186,46043
2025,3319,Kudus,Jawa Tengah,6.59,60370.0,60.37,0.765,0.149,77.94,77.21,13.49,9.51,12842,148384
2025,3320,Jepara,Jawa Tengah,5.79,77670.0,77.67,0.533,0.096,74.9,76.49,12.87,8.28,12242,34918
2025,3321,Demak,Jawa Tengah,10.87,131470.0,131.47,1.654,0.406,75.08,76.08,13.37,8.29,12014,30654
2025,3322,Semarang,Jawa Tengah,6.3,70290.0,70.29,0.908,0.207,76.4,76.45,13.23,8.17,13923,64076
2025,3323,Temanggung,Jawa Tengah,7.78,62050.0,62.05,0.665,0.103,72.52,76.16,12.63,7.61,10995,38002
2025,3324,Kendal,Jawa Tengah,8.4,83730.0,83.73,1.465,0.349,75.07,74.96,13.01,7.97,13721,60002
2025,3325,Batang,Jawa Tengah,7.79,61750.0,61.75,1.123,0.266,71.7,75.35,12.18,7.35,11424,39390
2025,3326,Pekalongan,Jawa Tengah,8.05,73800.0,73.8,0.961,0.173,72.71,74.59,12.63,7.5,12185,31722
2025,3327,Pemalang,Jawa Tengah,13.32,173380.0,173.38,2.389,0.62,69.47,74.55,12.03,6.69,10521,24047
2025,3328,Tegal,Jawa Tengah,6.16,88700.0,88.7,0.726,0.123,72.36,74.62,12.97,7.37,11498,30348
2025,3329,Brebes,Jawa Tengah,14.15,257290.0,257.29,2.203,0.502,71.18,74.4,12.66,6.61,11853,31768
2025,3371,Kota Magelang,Jawa Tengah,5.68,6930.0,6.93,0.533,0.091,82.92,78.03,14.84,11.44,14023,103577
2025,3372,Kota Surakarta,Jawa Tengah,7.69,40080.0,40.08,1.314,0.389,84.92,78.18,15.08,11.26,16883,130017
2025,3373,Kota Salatiga,Jawa Tengah,4.2,8660.0,8.66,0.606,0.12,86.23,78.75,15.47,11.49,17523,95230
2025,3374,Kota Semarang,Jawa Tengah,3.8,74360.0,74.36,0.405,0.054,85.8,78.72,15.58,11.11,17402,167236
2025,3375,Kota Pekalongan,Jawa Tengah,6.14,19490.0,19.49,0.968,0.265,77.76,75.1,12.98,9.35,14988,48994
2025,3376,Kota Tegal,Jawa Tengah,7.28,18270.0,18.27,1.417,0.349,77.95,75.3,13.26,9.29,14801,77030
2025,3401,Kulon Progo,DI Yogyakarta,14.53,67250.0,67.25,1.81,0.336,76.97,75.71,14.55,9.33,11499,40069
2025,3402,Bantul,DI Yogyakarta,11.54,127250.0,127.25,1.282,0.257,83.03,75.04,15.91,10.11,17240,38187
2025,3403,Gunungkidul,DI Yogyakarta,14.15,113480.0,113.48,1.994,0.424,73.13,75.12,13.56,7.64,11006,38330
2025,3404,Sleman,DI Yogyakarta,6.71,89280.0,89.28,0.756,0.141,86.35,75.81,16.8,11.42,18231,58602
2025,3471,Kota Yogyakarta,DI Yogyakarta,6.14,28580.0,28.58,0.61,0.083,89.53,76.05,17.67,12.13,21104,140641
2025,3501,Pacitan,Jawa Timur,12.97,72470.0,72.47,1.768,0.358,72.26,74.98,12.7,7.91,10756,38215
2025,3502,Ponorogo,Jawa Timur,8.86,77930.0,77.93,1.223,0.264,74.65,75.61,13.93,7.95,11561,30007
2025,3503,Trenggalek,Jawa Timur,10.29,72350.0,72.35,1.089,0.2,73.39,75.63,12.78,8.09,11322,35110
2025,3504,Tulungagung,Jawa Timur,5.96,63170.0,63.17,0.42,0.042,75.88,75.51,13.5,8.69,12505,49485
2025,3505,Blitar,Jawa Timur,7.57,89040.0,89.04,1.206,0.272,74.43,75.63,12.83,8.01,12633,40200
2025,3506,Kediri,Jawa Timur,9.81,157470.0,157.47,0.995,0.188,76.09,75.41,13.77,8.38,12968,34496
2025,3507,Malang,Jawa Timur,8.78,235630.0,235.63,0.895,0.154,74.45,75.63,13.6,7.98,11681,54521
2025,3508,Lumajang,Jawa Timur,8.6,90640.0,90.64,0.681,0.079,71.02,74.8,12.53,7.28,10603,40349
2025,3509,Jember,Jawa Timur,8.67,216760.0,216.76,0.533,0.051,71.57,74.37,13.51,6.64,11147,42357
2025,3510,Banyuwangi,Jawa Timur,6.13,100130.0,100.13,0.406,0.063,75.17,74.43,13.32,7.84,13963,67081
2025,3511,Bondowoso,Jawa Timur,12.2,96710.0,96.71,1.663,0.374,71.72,73.47,13.34,6.54,12192,35872
2025,3512,Situbondo,Jawa Timur,11.17,78020.0,78.02,0.709,0.067,71.87,73.54,13.21,7.03,11713,41143
2025,3513,Probolinggo,Jawa Timur,16.31,196260.0,196.26,1.839,0.389,71.65,74.1,12.8,6.43,12749,41409
2025,3514,Pasuruan,Jawa Timur,8.21,138430.0,138.43,0.801,0.148,73.02,74.81,12.91,7.47,12117,131055
2025,3515,Sidoarjo,Jawa Timur,4.4,107570.0,107.57,0.628,0.189,83.35,76.08,15.23,10.94,16366,145529
2025,3516,Mojokerto,Jawa Timur,8.79,102670.0,102.67,1.481,0.354,77.46,75.28,13.16,9.14,14525,105452
2025,3517,Jombang,Jawa Timur,8.36,107820.0,107.82,0.898,0.151,76.37,74.97,13.62,8.88,12976,42359
2025,3518,Nganjuk,Jawa Timur,10.06,107300.0,107.3,1.454,0.32,75.89,74.96,13.19,8.26,14068,34314
2025,3519,Madiun,Jawa Timur,10.4,71590.0,71.59,1.707,0.322,75.47,75.11,13.28,8.21,13325,36116
2025,3520,Magetan,Jawa Timur,9.14,58380.0,58.38,0.739,0.115,77.58,75.76,14.09,8.84,13515,38264
2025,3521,Ngawi,Jawa Timur,13.62,114900.0,114.9,1.646,0.263,74.43,75.49,12.9,7.88,12837,31279
2025,3522,Bojonegoro,Jawa Timur,11.49,144900.0,144.9,1.455,0.271,73.74,75.2,13.27,7.78,11796,78894
2025,3523,Tuban,Jawa Timur,14.13,168860.0,168.86,1.887,0.423,73.15,75.23,12.77,7.54,12117,75150
2025,3524,Lamongan,Jawa Timur,12.03,145450.0,145.45,1.159,0.191,76.81,75.4,14.04,8.73,12963,40469
2025,3525,Gresik,Jawa Timur,9.95,138550.0,138.55,1.923,0.571,79.69,74.9,13.99,10.13,14983,146668
2025,3526,Bangkalan,Jawa Timur,18.25,187900.0,187.9,3.135,0.749,68.15,73.62,12.09,6.15,10265,27588
2025,3527,Sampang,Jawa Timur,20.61,213980.0,213.98,2.059,0.325,67.23,73.89,12.56,5.19,10030,25531
2025,3528,Pamekasan,Jawa Timur,12.77,118520.0,118.52,1.449,0.244,71.64,73.85,13.83,7.29,10206,27206
2025,3529,Sumenep,Jawa Timur,17.02,188480.0,188.48,2.183,0.472,70.54,74.09,13.6,6.24,10631,42090
2025,3571,Kota Kediri,Jawa Timur,6.04,17930.0,17.93,0.623,0.207,82.71,76.28,15.72,11.09,14284,581558
2025,3572,Kota Blitar,Jawa Timur,6.6,9690.0,9.69,0.842,0.154,82.03,75.47,14.82,10.83,15586,63146
2025,3573,Kota Malang,Jawa Timur,3.85,34410.0,34.41,0.392,0.046,85.55,75.88,15.8,11.36,18596,122919
2025,3574,Kota Probolinggo,Jawa Timur,5.69,14110.0,14.11,0.357,0.052,78.5,74.64,13.99,9.73,14134,65483
2025,3575,Kota Pasuruan,Jawa Timur,6.18,12830.0,12.83,1.028,0.22,79.52,75.19,13.68,9.98,15289,54006
2025,3576,Kota Mojokerto,Jawa Timur,5.05,6770.0,6.77,0.759,0.147,82.35,76.31,14.14,11.44,15374,66235
2025,3577,Kota Madiun,Jawa Timur,3.89,6960.0,6.96,0.379,0.054,85.12,76.11,14.55,12.12,18173,98078
2025,3578,Kota Surabaya,Jawa Timur,3.56,105090.0,105.09,0.413,0.112,85.65,76.34,14.88,11.15,20679,283306
2025,3579,Kota Batu,Jawa Timur,2.86,6220.0,6.22,0.365,0.064,80.35,75.7,14.59,9.95,14807,105197
2025,3601,Pandeglang,Banten,8.51,105350.0,105.35,0.985,0.182,71.84,74.56,13.75,7.5,9923,28956
2025,3602,Lebak,Banten,8.03,106520.0,106.52,1.011,0.271,69.24,74.3,12.12,6.78,10165,27720
2025,3603,Tangerang,Banten,6.42,265900.0,265.9,0.887,0.209,76.74,75.63,12.89,9.16,13625,58175
2025,3604,Serang,Banten,4.48,68510.0,68.51,0.617,0.123,74.1,75.39,13.02,8.03,12065,63282
2025,3671,Kota Tangerang,Banten,5.19,124760.0,124.76,0.693,0.144,82.41,75.86,13.96,11.46,16058,122822
2025,3672,Kota Cilegon,Banten,3.44,16050.0,16.05,0.441,0.118,79.54,75.45,13.41,10.4,14759,322680
2025,3673,Kota Serang,Banten,5.51,41070.0,41.07,0.736,0.177,77.5,75.63,12.85,8.94,15250,61646
2025,3674,Kota Tangerang Selatan,Banten,2.39,44610.0,44.61,0.26,0.038,84.81,76.09,14.71,12.1,17396,85481
2025,5101,Jembrana,Bali,4.33,12450.0,12.45,0.459,0.077,75.94,75.42,13.13,8.71,13113,55648
2025,5102,Tabanan,Bali,4.23,19450.0,19.45,0.66,0.125,79.7,76.07,13.37,9.81,15752,63914
2025,5103,Badung,Bali,1.9,14660.0,14.66,0.26,0.074,84.27,76.18,14.26,11.26,19004,142344
2025,5104,Gianyar,Bali,3.71,20000.0,20.0,0.568,0.161,80.96,76.14,14.12,9.93,16244,68130
2025,5105,Klungkung,Bali,5.18,9480.0,9.48,0.841,0.17,75.89,75.32,13.14,8.75,13023,57196
2025,5106,Bangli,Bali,4.83,11280.0,11.28,0.616,0.114,73.22,74.6,12.54,7.8,12447,34787
2025,5107,Karangasem,Bali,6.4,27320.0,27.32,0.523,0.078,71.89,74.52,12.92,6.98,11676,43211
2025,5108,Buleleng,Bali,5.2,35390.0,35.39,0.466,0.071,76.06,74.87,13.31,7.94,14827,54993
2025,5171,Kota Denpasar,Bali,2.16,23200.0,23.2,0.162,0.029,85.63,76.16,14.14,11.64,21185,93247
2025,5201,Lombok Barat,Nusa Tenggara Barat,11.9,92120.0,92.12,1.142,0.187,73.52,73.03,14.17,7.15,12544,26514
2025,5202,Lombok Tengah,Nusa Tenggara Barat,10.68,109250.0,109.25,1.505,0.311,72.07,71.89,13.9,7.08,11870,21389
2025,5203,Lombok Timur,Nusa Tenggara Barat,13.53,173790.0,173.79,2.456,0.614,72.35,72.29,14.08,7.71,10851,19643
2025,5204,Sumbawa,Nusa Tenggara Barat,11.79,58230.0,58.23,1.61,0.351,73.27,73.07,13.35,8.88,10716,36333
2025,5205,Dompu,Nusa Tenggara Barat,11.15,31270.0,31.27,1.308,0.22,73.58,72.09,14.01,9.38,10230,38110
2025,5206,Bima,Nusa Tenggara Barat,12.59,66810.0,66.81,1.371,0.251,71.97,72.22,13.67,8.61,9821,28315
2025,5207,Sumbawa Barat,Nusa Tenggara Barat,10.98,19460.0,19.46,2.17,0.647,76.46,73.44,13.84,9.35,12983,236192
2025,5208,Lombok Utara,Nusa Tenggara Barat,20.74,49280.0,49.28,2.703,0.599,69.63,71.88,13.16,6.75,10502,24028
2025,5271,Kota Mataram,Nusa Tenggara Barat,7.15,39820.0,39.82,1.335,0.349,82.37,75.12,15.69,9.89,16851,58091
2025,5272,Kota Bima,Nusa Tenggara Barat,7.33,14540.0,14.54,0.532,0.065,79.41,73.45,15.21,10.97,12623,34015
2025,5301,Kupang,Nusa Tenggara Timur,20.32,87500.0,87.5,3.114,0.73,69.03,69.91,13.91,7.87,8745,28501
2025,5302,Timor Tengah Selatan,Nusa Tenggara Timur,24.5,116740.0,116.74,5.03,1.41,66.88,71.47,12.63,7.43,7951,22462
2025,5303,Timor Tengah Utara,Nusa Tenggara Timur,20.17,53440.0,53.44,4.662,1.28,67.87,71.39,13.39,8.36,7364,19768
2025,5304,Belu,Nusa Tenggara Timur,12.79,30400.0,30.4,2.053,0.427,68.89,74.77,12.33,7.73,8354,26765
2025,5305,Alor,Nusa Tenggara Timur,18.29,38680.0,38.68,1.78,0.336,68.44,71.33,12.59,8.72,8022,18775
2025,5306,Flores Timur,Nusa Tenggara Timur,10.88,28920.0,28.92,1.424,0.319,70.61,74.37,13.17,8.19,8700,23514
2025,5307,Sikka,Nusa Tenggara Timur,11.25,36740.0,36.74,1.359,0.344,70.65,74.64,13.68,7.2,9219,21138
2025,5308,Ende,Nusa Tenggara Timur,21.31,58920.0,58.92,3.549,0.865,72.73,73.06,13.84,8.52,10126,30220
2025,5309,Ngada,Nusa Tenggara Timur,11.22,19530.0,19.53,1.666,0.354,72.53,74.89,12.76,8.84,9827,27065
2025,5310,Manggarai,Nusa Tenggara Timur,18.1,65810.0,65.81,3.574,1.003,70.1,72.76,13.74,8.17,8423,18756
2025,5311,Sumba Timur,Nusa Tenggara Timur,25.64,70350.0,70.35,6.125,2.134,70.99,71.91,12.88,7.94,10619,32391
2025,5312,Sumba Barat,Nusa Tenggara Timur,26.47,37080.0,37.08,4.412,1.069,68.46,71.63,13.41,7.39,8530,20625
2025,5313,Lembata,Nusa Tenggara Timur,23.27,36780.0,36.78,5.084,1.39,69.7,73.81,12.54,8.49,8397,16953
2025,5314,Rote Ndao,Nusa Tenggara Timur,24.37,51640.0,51.64,3.395,0.727,67.01,70.17,13.24,7.84,7652,27904
2025,5315,Manggarai Barat,Nusa Tenggara Timur,16.09,49550.0,49.55,2.955,0.812,69.2,73.24,12.62,8.26,8351,17758
2025,5316,Nagekeo,Nusa Tenggara Timur,12.18,18630.0,18.63,2.212,0.505,70.48,72.89,12.74,8.47,9213,17884
2025,5317,Sumba Tengah,Nusa Tenggara Timur,29.23,22810.0,22.81,5.715,1.891,65.29,69.77,13.15,7.5,6965,17674
2025,5318,Sumba Barat Daya,Nusa Tenggara Timur,25.66,97680.0,97.68,6.662,2.139,64.82,69.46,13.12,6.47,7588,15759
2025,5319,Manggarai Timur,Nusa Tenggara Timur,23.51,70990.0,70.99,4.675,1.162,66.63,73.19,12.67,8.11,6745,15228
2025,5320,Sabu Raijua,Nusa Tenggara Timur,27.18,30650.0,30.65,5.586,1.817,62.74,66.88,13.2,7.1,6452,19967
2025,5321,Malaka,Nusa Tenggara Timur,13.52,28050.0,28.05,1.559,0.247,65.84,71.72,12.84,7.38,7067,20661
2025,5371,Kota Kupang,Nusa Tenggara Timur,7.57,37910.0,37.91,1.007,0.214,83.65,75.38,16.55,11.66,14262,69462
2025,6101,Sambas,Kalimantan Barat,6.37,35070.0,35.07,0.724,0.123,72.08,74.8,12.77,7.0,11939,46816
2025,6102,Mempawah,Kalimantan Barat,4.49,12380.0,12.38,0.474,0.093,70.59,74.82,13.0,7.4,9518,43156
2025,6103,Sanggau,Kalimantan Barat,4.61,22930.0,22.93,0.348,0.045,70.36,74.36,12.02,7.81,9990,56955
2025,6104,Ketapang,Kalimantan Barat,8.44,46820.0,46.82,1.59,0.439,71.3,73.92,12.09,7.99,10826,73599
2025,6105,Sintang,Kalimantan Barat,7.93,35020.0,35.02,1.342,0.433,70.92,74.71,12.33,7.86,9993,50214
2025,6106,Kapuas Hulu,Kalimantan Barat,6.86,19470.0,19.47,1.033,0.225,69.24,73.69,12.24,8.04,8765,57839
2025,6107,Bengkayang,Kalimantan Barat,5.83,16090.0,16.09,0.586,0.101,70.99,74.74,12.24,7.62,10462,43286
2025,6108,Landak,Kalimantan Barat,8.9,35340.0,35.34,0.845,0.148,69.92,74.4,12.55,7.76,9104,38350
2025,6109,Sekadau,Kalimantan Barat,5.61,11640.0,11.64,0.56,0.097,68.73,74.3,12.02,7.53,8862,45650
2025,6110,Melawi,Kalimantan Barat,10.51,23360.0,23.36,1.01,0.178,69.8,73.96,11.55,8.05,9799,31658
2025,6111,Kayong Utara,Kalimantan Barat,8.75,10580.0,10.58,1.032,0.183,67.6,73.02,12.21,6.55,9306,46487
2025,6112,Kubu Raya,Kalimantan Barat,3.99,24400.0,24.4,0.255,0.024,72.01,73.66,13.91,7.35,10500,67996
2025,6171,Kota Pontianak,Kalimantan Barat,4.0,27500.0,27.5,0.373,0.053,82.8,75.96,15.07,10.48,16725,80795
2025,6172,Kota Singkawang,Kalimantan Barat,4.28,10360.0,10.36,0.474,0.063,75.67,75.23,12.96,8.58,13344,59799
2025,6201,Kotawaringin Barat,Kalimantan Tengah,4.27,14180.0,14.18,0.556,0.118,76.02,73.53,12.92,8.87,14507,121218
2025,6202,Kotawaringin Timur,Kalimantan Tengah,5.83,27700.0,27.7,1.004,0.266,74.96,74.61,12.9,8.25,13434,92974
2025,6203,Kapuas,Kalimantan Tengah,5.48,20430.0,20.43,0.572,0.099,73.47,73.02,13.02,8.04,12602,62149
2025,6204,Barito Selatan,Kalimantan Tengah,4.94,7090.0,7.09,0.369,0.077,75.21,73.0,13.01,9.35,12736,68431
2025,6205,Barito Utara,Kalimantan Tengah,5.52,7440.0,7.44,0.685,0.142,73.58,73.75,12.56,8.93,11534,88608
2025,6206,Katingan,Kalimantan Tengah,5.3,9750.0,9.75,0.609,0.108,74.68,74.39,13.09,8.96,11781,73108
2025,6207,Seruyan,Kalimantan Tengah,6.72,15640.0,15.64,0.572,0.067,71.24,73.59,12.24,8.08,10620,77173
2025,6208,Sukamara,Kalimantan Tengah,4.02,2870.0,2.87,0.723,0.167,71.45,74.75,12.18,8.23,10178,102440
2025,6209,Lamandau,Kalimantan Tengah,3.33,2890.0,2.89,0.424,0.082,74.46,74.01,12.65,8.83,12498,84143
2025,6210,Gunung Mas,Kalimantan Tengah,5.48,6670.0,6.67,0.871,0.205,74.46,73.97,12.19,9.4,12215,72365
2025,6211,Pulang Pisau,Kalimantan Tengah,4.79,6230.0,6.23,0.852,0.258,72.99,73.62,12.61,8.47,11545,58660
2025,6212,Murung Raya,Kalimantan Tengah,6.19,7640.0,7.64,1.156,0.338,72.34,73.73,12.2,8.12,11776,102963
2025,6213,Barito Timur,Kalimantan Tengah,6.1,8120.0,8.12,1.162,0.323,75.5,72.48,12.89,9.71,13018,94050
2025,6271,Kota Palangkaraya,Kalimantan Tengah,3.62,11160.0,11.16,0.377,0.06,82.98,74.92,15.14,11.69,15469,89938
2025,6301,Tanah Laut,Kalimantan Selatan,3.0,10830.0,10.83,0.269,0.049,74.32,74.88,12.7,8.09,12986,61730
2025,6302,Kotabaru,Kalimantan Selatan,4.39,15890.0,15.89,0.503,0.113,73.03,74.03,12.23,7.71,13163,115045
2025,6303,Banjar,Kalimantan Selatan,2.74,16920.0,16.92,0.232,0.028,75.11,73.87,13.05,8.15,14101,41993
2025,6304,Barito Kuala,Kalimantan Selatan,4.31,13970.0,13.97,0.569,0.124,72.05,72.85,12.69,7.99,11469,36345
2025,6305,Tapin,Kalimantan Selatan,2.91,5770.0,5.77,0.347,0.099,74.98,75.09,12.6,8.38,13381,76197
2025,6306,Hulu Sungai Selatan,Kalimantan Selatan,3.12,7550.0,7.55,0.483,0.123,74.81,73.27,12.78,8.18,14453,43972
2025,6307,Hulu Sungai Tengah,Kalimantan Selatan,5.03,13940.0,13.94,0.342,0.037,74.26,73.02,12.58,8.45,13608,37586
2025,6308,Hulu Sungai Utara,Kalimantan Selatan,4.81,11710.0,11.71,0.436,0.069,72.67,72.95,13.47,8.0,11168,29879
2025,6309,Tabalong,Kalimantan Selatan,4.67,12500.0,12.5,0.221,0.018,76.94,74.95,13.18,9.37,13541,126520
2025,6310,Tanah Bumbu,Kalimantan Selatan,3.13,13810.0,13.81,0.433,0.119,75.09,74.68,12.8,8.44,13380,110383
2025,6311,Balangan,Kalimantan Selatan,4.64,6420.0,6.42,0.511,0.094,74.78,74.14,13.35,8.34,12675,163763
2025,6371,Kota Banjarmasin,Kalimantan Selatan,4.52,33160.0,33.16,0.507,0.099,80.88,75.38,14.02,10.36,16013,73747
2025,6372,Kota Banjarbaru,Kalimantan Selatan,3.44,10270.0,10.27,0.384,0.075,82.2,75.44,14.87,11.07,15361,55615
2025,6401,Paser,Kalimantan Timur,8.13,24050.0,24.05,1.47,0.406,75.85,74.39,13.39,9.04,12709,196723
2025,6402,Kutai Kartanegara,Kalimantan Timur,6.72,54990.0,54.99,0.785,0.152,77.25,74.65,13.85,9.28,13365,249111
2025,6403,Berau,Kalimantan Timur,4.44,10960.0,10.96,0.552,0.107,77.72,73.95,13.44,9.58,14582,193391
2025,6407,Kutai Barat,Kalimantan Timur,8.72,13240.0,13.24,0.843,0.135,75.38,74.23,13.4,9.01,12251,229647
2025,6408,Kutai Timur,Kalimantan Timur,8.07,34910.0,34.91,1.199,0.258,76.48,74.87,13.22,9.48,12755,325075
2025,6409,Penajam Paser Utara,Kalimantan Timur,5.78,9340.0,9.34,0.94,0.231,75.82,74.6,13.0,8.72,13636,63809
2025,6411,Mahakam Ulu,Kalimantan Timur,10.09,2730.0,2.73,1.197,0.232,71.53,73.91,12.85,8.71,9381,118650
2025,6471,Kota Balikpapan,Kalimantan Timur,1.97,12880.0,12.88,0.343,0.095,83.23,76.24,14.26,11.04,17482,233398
2025,6472,Kota Samarinda,Kalimantan Timur,3.45,30450.0,30.45,0.666,0.188,83.53,75.89,15.41,11.04,16345,123222
2025,6474,Kota Bontang,Kalimantan Timur,3.21,6180.0,6.18,0.345,0.061,83.04,75.36,13.8,11.03,18861,371195
2025,6501,Bulungan,Kalimantan Utara,7.26,9920.0,9.92,0.84,0.173,74.53,73.99,13.26,9.42,10997,169985
2025,6502,Malinau,Kalimantan Utara,5.56,5240.0,5.24,0.248,0.014,75.21,73.33,13.58,9.64,11436,215362
2025,6503,Nunukan,Kalimantan Utara,5.27,11810.0,11.81,1.261,0.553,69.87,73.21,12.81,8.4,8598,199721
2025,6504,Tana Tidung,Kalimantan Utara,4.56,1590.0,1.59,0.533,0.147,71.86,73.64,12.85,9.41,9037,338606
2025,6571,Kota Tarakan,Kalimantan Utara,5.03,14010.0,14.01,0.038,0.0,78.62,74.4,14.23,10.46,12961,233098
2025,7101,Bolaang Mongondow,Sulawesi Utara,6.98,18400.0,18.4,0.735,0.118,71.83,72.48,11.82,8.49,11756,48346
2025,7102,Minahasa,Sulawesi Utara,5.88,20630.0,20.63,1.037,0.244,79.73,75.6,14.2,10.25,14035,73719
2025,7103,Kepulauan Sangihe,Sulawesi Utara,10.91,14490.0,14.49,1.054,0.142,75.18,75.02,12.8,8.7,12839,47327
2025,7104,Kepulauan Talaud,Sulawesi Utara,8.34,7950.0,7.95,1.365,0.312,73.68,73.92,12.84,9.97,9953,34231
2025,7105,Minahasa Selatan,Sulawesi Utara,8.26,17670.0,17.67,1.414,0.33,76.47,74.74,13.03,9.53,12986,56624
2025,7106,Minahasa Utara,Sulawesi Utara,6.05,12500.0,12.5,0.884,0.247,77.76,75.02,13.27,10.36,12846,94921
2025,7107,Minahasa Tenggara,Sulawesi Utara,10.31,11090.0,11.09,1.817,0.492,74.28,73.71,12.61,9.16,11981,65786
2025,7108,Bolaang Mongondow Utara,Sulawesi Utara,7.15,6030.0,6.03,0.863,0.187,72.28,73.93,12.58,8.63,10434,43741
2025,7109,Kepulauan Siau Tagulandang Biaro,Sulawesi Utara,8.32,5640.0,5.64,0.7,0.113,72.17,75.1,12.05,9.51,9335,49779
2025,7110,Bolaang Mongondow Timur,Sulawesi Utara,5.32,4040.0,4.04,0.595,0.105,71.43,73.73,12.11,8.3,10600,49812
2025,7111,Bolaang Mongondow Selatan,Sulawesi Utara,10.52,7390.0,7.39,1.507,0.425,70.54,71.14,12.35,8.38,10519,43721
2025,7171,Kota Manado,Sulawesi Utara,4.99,21730.0,21.73,0.877,0.242,82.4,75.58,14.21,11.52,15755,124429
2025,7172,Kota Bitung,Sulawesi Utara,5.81,13570.0,13.57,0.676,0.123,77.57,74.76,12.88,10.05,13804,115416
2025,7173,Kota Tomohon,Sulawesi Utara,4.86,5550.0,5.55,0.687,0.117,80.65,75.99,14.39,11.04,13503,60930
2025,7174,Kota Kotamobagu,Sulawesi Utara,5.14,7180.0,7.18,0.471,0.132,77.49,75.37,13.25,10.36,12337,43302
2025,7201,Banggai,Sulawesi Tengah,6.23,25170.0,25.17,0.743,0.136,73.44,72.52,13.43,8.94,11000,116747
2025,7202,Poso,Sulawesi Tengah,12.9,36490.0,36.49,2.22,0.645,74.55,73.34,13.76,9.84,10314,53881
2025,7203,Donggala,Sulawesi Tengah,14.66,45920.0,45.92,2.71,0.728,69.23,71.03,12.75,8.01,9337,58102
2025,7204,Toli-Toli,Sulawesi Tengah,12.2,29980.0,29.98,2.198,0.602,71.09,71.62,13.18,9.0,9295,50421
2025,7205,Buol,Sulawesi Tengah,12.48,22350.0,22.35,1.615,0.344,71.47,71.62,13.19,9.21,9410,56128
2025,7206,Morowali,Sulawesi Tengah,10.38,13650.0,13.65,1.065,0.212,74.7,71.34,13.4,9.39,12527,1072574
2025,7207,Banggai Kepulauan,Sulawesi Tengah,11.49,13920.0,13.92,2.142,0.554,68.44,67.83,13.12,8.88,8723,46829
2025,7208,Parigi Moutong,Sulawesi Tengah,13.51,71880.0,71.88,2.927,0.935,69.99,69.09,12.53,8.07,11194,54892
2025,7209,Tojo Una Una,Sulawesi Tengah,14.67,23590.0,23.59,1.693,0.284,69.76,71.3,12.62,8.58,9200,46555
2025,7210,Sigi,Sulawesi Tengah,10.47,26030.0,26.03,1.77,0.444,71.68,71.63,13.3,9.05,9659,49733
2025,7211,Banggai Laut,Sulawesi Tengah,12.71,10440.0,10.44,1.435,0.221,70.46,71.45,13.17,8.66,9184,47112
2025,7212,Morowali Utara,Sulawesi Tengah,10.38,14780.0,14.78,1.539,0.366,72.16,72.61,12.6,9.14,10258,292019
2025,7271,Kota Palu,Sulawesi Tengah,5.26,21990.0,21.99,0.665,0.144,84.53,74.25,16.53,11.76,16269,88383
2025,7301,Kepulauan Selayar,Sulawesi Selatan,10.61,14770.0,14.77,1.495,0.318,72.78,73.79,12.96,8.64,10589,62113
2025,7302,Bulukumba,Sulawesi Selatan,6.06,25880.0,25.88,0.702,0.124,75.26,74.43,13.46,8.66,12456,47114
2025,7303,Bantaeng,Sulawesi Selatan,7.68,14740.0,14.74,0.829,0.15,73.12,73.11,12.92,7.43,13310,68614
2025,7304,Jeneponto,Sulawesi Selatan,11.42,42560.0,42.56,1.176,0.182,70.25,74.28,12.28,7.02,10691,34111
2025,7305,Takalar,Sulawesi Selatan,7.27,22170.0,22.17,0.821,0.168,72.79,74.08,12.62,7.84,12014,44810
2025,7306,Gowa,Sulawesi Selatan,6.64,54040.0,54.04,1.094,0.295,74.22,74.43,13.72,8.54,11103,41352
2025,7307,Sinjai,Sulawesi Selatan,7.41,18440.0,18.44,0.948,0.212,72.76,73.36,13.46,7.97,11111,64462
2025,7308,Bone,Sulawesi Selatan,9.13,69730.0,69.73,1.084,0.212,71.63,73.84,13.03,7.7,10538,64758
2025,7309,Maros,Sulawesi Selatan,8.9,32670.0,32.67,1.542,0.376,74.79,74.1,13.52,8.2,12709,71360
2025,7310,Pangkajene dan Kepulauan,Sulawesi Selatan,11.6,40370.0,40.37,1.077,0.18,74.62,73.48,12.94,8.48,13209,104696
2025,7311,Barru,Sulawesi Selatan,8.0,14130.0,14.13,0.939,0.17,75.41,73.18,13.76,8.93,12559,56391
2025,7312,Soppeng,Sulawesi Selatan,6.65,15340.0,15.34,0.94,0.169,73.69,74.21,13.4,8.59,10929,72363
2025,7313,Wajo,Sulawesi Selatan,5.86,24150.0,24.15,0.819,0.149,74.72,73.77,13.34,7.72,13957,73458
2025,7314,Sidenreng Rappang,Sulawesi Selatan,4.91,15200.0,15.2,0.742,0.147,75.49,74.69,13.11,8.36,13604,65147
2025,7315,Pinrang,Sulawesi Selatan,8.38,32520.0,32.52,1.242,0.247,75.87,74.87,13.29,8.54,13419,66894
2025,7316,Enrekang,Sulawesi Selatan,10.73,23090.0,23.09,1.401,0.292,76.5,74.3,13.9,9.26,12571,46930
2025,7317,Luwu,Sulawesi Selatan,10.97,41760.0,41.76,1.49,0.284,74.66,73.85,13.44,8.96,11634,63453
2025,7318,Tana Toraja,Sulawesi Selatan,10.54,25820.0,25.82,1.128,0.173,72.77,75.17,14.25,8.92,8595,36984
2025,7322,Luwu Utara,Sulawesi Selatan,10.74,35030.0,35.03,2.287,0.707,74.81,74.25,12.63,8.51,13390,64542
2025,7324,Luwu Timur,Sulawesi Selatan,5.79,18550.0,18.55,1.2,0.322,77.28,74.86,13.38,9.04,14381,99873
2025,7326,Toraja Utara,Sulawesi Selatan,10.05,24480.0,24.48,1.582,0.365,73.24,75.24,13.53,8.72,9753,50626
2025,7371,Kota Makassar,Sulawesi Selatan,4.43,71630.0,71.63,0.523,0.104,85.66,75.6,15.63,11.59,18878,177335
2025,7372,Kota Parepare,Sulawesi Selatan,4.44,6730.0,6.73,0.385,0.078,81.5,74.9,14.62,10.89,15408,65017
2025,7373,Kota Palopo,Sulawesi Selatan,7.18,14310.0,14.31,1.247,0.338,81.74,74.47,15.14,11.17,14837,59373
2025,7401,Kolaka,Sulawesi Tenggara,10.19,29450.0,29.45,1.648,0.399,76.92,73.86,13.17,9.55,13941,162543
2025,7402,Konawe,Sulawesi Tenggara,12.78,33040.0,33.04,2.752,0.817,75.09,73.04,13.11,9.8,11763,86436
2025,7403,Muna,Sulawesi Tenggara,12.4,28810.0,28.81,1.744,0.394,72.23,71.77,14.18,8.86,9526,43630
2025,7404,Buton,Sulawesi Tenggara,13.46,13890.0,13.89,1.686,0.326,70.22,70.66,13.97,8.69,8607,45021
2025,7405,Konawe Selatan,Sulawesi Tenggara,11.18,37400.0,37.4,1.667,0.351,72.32,71.95,12.95,8.97,10574,57453
2025,7406,Bombana,Sulawesi Tenggara,10.14,20150.0,20.15,1.816,0.429,69.54,71.31,11.98,8.27,9957,59787
2025,7407,Wakatobi,Sulawesi Tenggara,13.4,13980.0,13.98,2.463,0.689,72.59,71.1,13.55,8.54,11199,54105
2025,7408,Kolaka Utara,Sulawesi Tenggara,12.94,21470.0,21.47,2.326,0.645,72.37,70.77,12.25,9.06,11941,87499
2025,7409,Konawe Utara,Sulawesi Tenggara,11.89,8190.0,8.19,2.099,0.488,73.42,70.73,13.15,9.79,11104,81765
2025,7410,Buton Utara,Sulawesi Tenggara,13.22,8690.0,8.69,1.456,0.293,71.29,71.47,13.33,9.28,9119,64715
2025,7411,Kolaka Timur,Sulawesi Tenggara,12.57,18990.0,18.99,2.599,0.835,71.19,73.47,12.73,8.65,9420,50590
2025,7412,Konawe Kepulauan,Sulawesi Tenggara,14.42,5010.0,5.01,1.659,0.288,69.39,70.38,12.57,9.61,8286,53970
2025,7413,Muna Barat,Sulawesi Tenggara,12.83,10970.0,10.97,1.915,0.396,69.18,71.32,12.75,8.31,8858,40657
2025,7414,Buton Tengah,Sulawesi Tenggara,13.4,12610.0,12.61,1.855,0.329,68.39,70.65,13.44,7.37,8825,27739
2025,7415,Buton Selatan,Sulawesi Tenggara,13.64,11000.0,11.0,1.49,0.222,68.54,70.36,13.37,7.8,8684,39990
2025,7471,Kota Kendari,Sulawesi Tenggara,4.18,18380.0,18.38,0.554,0.113,86.36,75.72,16.94,12.56,16002,85161
2025,7472,Kota Bau Bau,Sulawesi Tenggara,6.83,12410.0,12.41,0.677,0.096,80.29,74.93,15.54,11.11,12260,75897
2025,7501,Gorontalo,Gorontalo,14.89,56130.0,56.13,1.655,0.296,71.54,71.26,13.23,7.96,11110,44738
2025,7502,Boalemo,Gorontalo,16.37,29400.0,29.4,3.481,0.929,69.89,71.7,12.6,7.32,10720,48364
2025,7503,Bone Bolango,Gorontalo,13.16,21110.0,21.11,1.915,0.445,73.3,70.73,13.7,8.62,11935,37567
2025,7504,Pohuwato,Gorontalo,15.24,26100.0,26.1,1.926,0.332,70.59,70.0,12.49,7.79,11872,61035
2025,7505,Gorontalo Utara,Gorontalo,15.89,17900.0,17.9,2.605,0.649,69.62,70.25,12.71,7.56,10678,35474
2025,7571,Kota Gorontalo,Gorontalo,5.31,12120.0,12.12,0.437,0.056,79.97,74.03,14.63,10.59,14285,57693
2025,7601,Pasangkayu,Sulawesi Barat,4.96,9650.0,9.65,0.615,0.101,71.62,70.86,12.1,8.14,12644,89158
2025,7602,Mamuju,Sulawesi Barat,6.99,22480.0,22.48,0.725,0.131,72.77,72.61,13.3,8.71,10682,58093
2025,7603,Mamasa,Sulawesi Barat,13.66,22870.0,22.87,1.79,0.35,69.56,72.43,12.61,8.41,8779,23302
2025,7604,Polewali Mandar,Sulawesi Barat,14.02,63290.0,63.29,2.015,0.461,70.71,71.46,13.51,7.84,9999,38064
2025,7605,Majene,Sulawesi Barat,12.98,23400.0,23.4,1.55,0.272,74.15,70.74,13.84,9.68,11299,37831
2025,7606,Mamuju Tengah,Sulawesi Barat,7.22,10620.0,10.62,1.401,0.366,69.17,70.44,12.69,8.1,9484,35120
2025,8101,Maluku Tengah,Maluku,16.71,63050.0,63.05,2.536,0.593,75.87,71.28,14.68,10.06,11532,27364
2025,8102,Maluku Tenggara,Maluku,21.16,21420.0,21.42,2.706,0.486,71.16,71.24,13.11,9.85,8738,36623
2025,8103,Kepulauan Tanimbar,Maluku,23.38,26460.0,26.46,4.067,1.01,68.47,70.53,12.58,9.93,7342,29053
2025,8104,Buru,Maluku,15.11,23950.0,23.95,2.42,0.501,73.24,70.56,13.25,9.28,11562,23232
2025,8105,Seram Bagian Timur,Maluku,20.9,24330.0,24.33,3.535,0.912,71.1,69.19,13.07,9.25,10204,25244
2025,8106,Seram Bagian Barat,Maluku,21.85,38010.0,38.01,4.23,1.315,72.91,71.58,13.71,9.6,9854,18857
2025,8107,Kepulauan Aru,Maluku,23.1,22250.0,22.25,3.357,0.744,69.73,70.6,12.51,9.46,8650,46189
2025,8108,Maluku Barat Daya,Maluku,27.65,20430.0,20.43,3.883,0.949,68.66,70.11,12.94,9.39,7776,38809
2025,8109,Buru Selatan,Maluku,14.84,9630.0,9.63,1.926,0.405,69.36,70.54,13.01,8.74,8664,24203
2025,8171,Kota Ambon,Maluku,4.34,22300.0,22.3,0.442,0.078,83.97,73.56,16.09,12.37,15549,57375
2025,8172,Kota Tual,Maluku,19.39,15940.0,15.94,3.72,1.057,72.88,72.05,14.03,10.68,8401,38387
2025,8201,Halmahera Barat,Maluku Utara,7.9,9690.0,9.69,1.044,0.225,69.75,71.11,13.26,8.6,8705,22782
2025,8202,Halmahera Tengah,Maluku Utara,9.16,5610.0,5.61,1.173,0.247,71.57,70.9,13.69,9.21,9361,870960
2025,8203,Halmahera Utara,Maluku Utara,4.35,8840.0,8.84,0.379,0.094,71.25,72.3,13.81,8.84,8815,37306
2025,8204,Halmahera Selatan,Maluku Utara,4.81,11780.0,11.78,0.246,0.023,69.05,70.98,13.05,8.43,8515,114370
2025,8205,Kepulauan Sula,Maluku Utara,7.65,8050.0,8.05,0.651,0.097,68.89,69.19,13.16,9.2,8251,32723
2025,8206,Halmahera Timur,Maluku Utara,10.54,11050.0,11.05,2.194,0.678,71.11,72.04,13.01,9.07,9227,83278
2025,8207,Pulau Morotai,Maluku Utara,4.49,3290.0,3.29,0.592,0.137,67.86,71.63,13.19,7.91,7775,27112
2025,8208,Pulau Taliabu,Maluku Utara,6.63,3720.0,3.72,0.669,0.122,65.61,67.52,12.89,8.15,7503,36586
2025,8271,Kota Ternate,Maluku Utara,3.34,8510.0,8.51,0.225,0.023,83.01,73.36,15.93,12.09,14945,76451
2025,8272,Kota Tidore Kepulauan,Maluku Utara,6.54,6730.0,6.73,0.762,0.142,74.63,73.0,14.5,10.18,9539,33446
2025,9103,Jayapura,Papua,13.03,17180.0,17.18,3.305,1.252,76.14,70.82,14.81,10.77,11088,123134
2025,9105,Kepulauan Yapen,Papua,28.0,28700.0,28.7,8.02,3.069,70.93,71.05,13.0,9.8,8752,46062
2025,9106,Biak Numfor,Papua,25.73,39740.0,39.74,5.643,1.638,75.48,71.21,14.25,10.69,10823,47999
2025,9110,Sarmi,Papua,15.17,6410.0,6.41,1.733,0.3,68.78,70.25,12.61,9.79,7713,92898
2025,9111,Keerom,Papua,17.76,10790.0,10.79,4.256,1.28,70.43,70.29,12.53,8.78,10109,58532
2025,9115,Waropen,Papua,32.6,11450.0,11.45,7.702,2.274,68.91,69.94,12.96,9.43,7960,71600
2025,9119,Supiori,Papua,42.56,9470.0,9.47,12.241,4.955,67.3,70.0,13.21,9.39,6786,52420
2025,9120,Mamberamo Raya,Papua,35.09,9320.0,9.32,5.589,1.269,60.48,69.21,12.05,6.74,5568,60288
2025,9171,Kota Jayapura,Papua,12.03,38330.0,38.33,2.523,0.788,82.26,72.34,15.28,12.08,15522,99063
2025,9202,Manokwari,Papua Barat,17.38,31720.0,31.72,4.689,1.558,75.96,72.9,13.87,8.89,13364,57893
2025,9203,Fak Fak,Papua Barat,19.86,17040.0,17.04,3.774,1.007,72.0,71.78,14.8,9.35,8401,71791
2025,9206,Teluk Bintuni,Papua Barat,25.34,18480.0,18.48,5.754,1.747,70.32,68.49,12.63,8.77,10799,621837
2025,9207,Teluk Wondama,Papua Barat,27.57,10160.0,10.16,6.128,1.775,65.26,65.74,11.97,7.56,9192,41280
2025,9208,Kaimana,Papua Barat,13.83,9900.0,9.9,2.762,0.795,69.7,69.54,12.52,9.02,9481,47204
2025,9211,Manokwari Selatan,Papua Barat,26.52,7750.0,7.75,4.116,0.933,63.24,68.53,12.84,7.33,6373,26942
2025,9212,Pegunungan Arfak,Papua Barat,30.88,11860.0,11.86,5.841,1.395,59.53,67.92,11.81,5.84,6043,9122
2025,9301,Merauke,Papua Selatan,11.31,27720.0,27.72,2.905,1.073,75.11,71.65,14.49,9.61,11260,90054
2025,9302,Boven Digoel,Papua Selatan,21.96,16260.0,16.26,3.199,0.72,68.62,69.63,11.69,9.43,8796,87893
2025,9303,Mappi,Papua Selatan,28.46,30500.0,30.5,4.689,1.144,62.6,66.49,11.42,7.41,7364,35132
2025,9304,Asmat,Papua Selatan,28.47,31060.0,31.06,3.852,0.777,58.55,68.31,9.75,6.1,6495,30467
2025,9401,Nabire,Papua Tengah,22.65,34180.0,34.18,6.725,2.854,72.89,70.5,12.97,10.43,10093,91096
2025,9402,Puncak Jaya,Papua Tengah,35.46,48850.0,48.85,8.369,2.955,53.18,68.16,7.66,4.59,6194,7521
2025,9403,Paniai,Papua Tengah,36.31,63260.0,63.26,4.569,1.113,60.04,69.84,10.55,4.82,7719,23439
2025,9404,Mimika,Papua Tengah,13.7,31310.0,31.31,3.651,1.447,77.27,73.45,13.17,10.73,12745,395261
2025,9405,Puncak,Papua Tengah,36.94,43550.0,43.55,4.98,0.903,45.95,66.94,5.61,2.4,6496,15005
2025,9406,Dogiyai,Papua Tengah,29.34,29960.0,29.96,4.341,0.85,57.96,66.75,10.64,4.99,6856,13572
2025,9407,Intan Jaya,Papua Tengah,39.21,21370.0,21.37,6.636,1.812,51.56,66.85,7.84,3.38,6622,10644
2025,9408,Deiyai,Papua Tengah,37.29,29840.0,29.84,3.543,0.62,52.81,66.84,9.87,3.3,5743,17006
2025,9501,Jayawijaya,Papua Pegunungan,29.08,61640.0,61.64,7.733,2.72,66.02,70.37,12.86,6.15,8750,42841
2025,9502,Pegunungan Bintang,Papua Pegunungan,25.87,20610.0,20.61,2.178,0.289,50.56,66.5,7.3,3.59,6300,32347
2025,9503,Yahukimo,Papua Pegunungan,30.61,62420.0,62.42,3.737,0.703,52.48,66.68,8.06,4.36,5997,9100
2025,9504,Tolikara,Papua Pegunungan,28.75,45620.0,45.62,2.695,0.385,52.71,67.52,9.04,3.7,5802,9294
2025,9505,Mamberamo Tengah,Papua Pegunungan,32.2,18810.0,18.81,7.042,2.094,53.36,69.09,9.79,3.99,5119,30731
2025,9506,Yalimo,Papua Pegunungan,27.35,19900.0,19.9,6.364,1.811,52.63,66.53,9.85,3.83,5305,16823
2025,9507,Lanny Jaya,Papua Pegunungan,31.59,68040.0,68.04,7.187,2.383,52.47,67.43,9.73,3.87,5102,13063
2025,9508,Nduga,Papua Pegunungan,32.89,40290.0,40.29,4.879,1.377,40.35,63.94,4.73,2.19,4773,15107
2025,9601,Sorong,Papua Barat Daya,25.1,25610.0,25.61,5.676,1.686,70.6,70.38,14.1,9.02,8617,107902
2025,9602,Sorong Selatan,Papua Barat Daya,17.66,9490.0,9.49,4.093,1.222,65.45,67.4,13.32,8.06,7227,42834
2025,9603,Raja Ampat,Papua Barat Daya,16.57,8600.0,8.6,2.271,0.44,67.36,67.32,12.2,8.55,9109,60188
2025,9604,Tambrauw,Papua Barat Daya,28.94,4960.0,4.96,5.007,1.149,59.28,66.17,12.47,6.01,5827,10330
2025,9605,Maybrat,Papua Barat Daya,29.0,13530.0,13.53,6.992,2.275,62.68,66.21,13.52,7.66,6074,18437
2025,9671,Kota Sorong,Papua Barat Daya,13.55,41390.0,41.39,2.559,0.744,81.03,73.66,14.44,11.59,14664,59638
