tahun,kode_kab,nama_kab,nama_prov,pdrb_perkapita_ADHB
2021,1101,Aceh Selatan,Aceh,25471
2021,1102,Aceh Tenggara,Aceh,24239
2021,1103,Aceh Timur,Aceh,27403
2021,1104,Aceh Tengah,Aceh,36859
2021,1105,Aceh Barat,Aceh,49805
2021,1106,Aceh Besar,Aceh,34243
2021,1107,Pidie,Aceh,25836
2021,1108,Aceh Utara,Aceh,38076
2021,1109,Simeulue,Aceh,26153
2021,1110,Aceh Singkil,Aceh,21135
2021,1111,Bireuen,Aceh,31906
2021,1112,Aceh Barat Daya,Aceh,27130
2021,1113,Gayo Lues,Aceh,28315
2021,1114,Aceh Jaya,Aceh,30277
2021,1115,Nagan Raya,Aceh,53429
2021,1116,Aceh Tamiang,Aceh,29835
2021,1117,Bener Meriah,Aceh,30623
2021,1118,Pidie Jaya,Aceh,22992
2021,1171,Kota Banda Aceh,Aceh,78060
2021,1172,Kota Sabang,Aceh,38425
2021,1173,Kota Lhokseumawe,Aceh,49344
2021,1174,Kota Langsa,Aceh,30612
2021,1175,Kota Subulussalam,Aceh,22834
2021,1201,Tapanuli Tengah,Sumatera Utara,28637
2021,1202,Tapanuli Utara,Sumatera Utara,27910
2021,1203,Tapanuli Selatan,Sumatera Utara,50832
2021,1204,Nias,Sumatera Utara,28240
2021,1205,Langkat,Sumatera Utara,44485
2021,1206,Karo,Sumatera Utara,53322
2021,1207,Deli Serdang,Sumatera Utara,58964
2021,1208,Simalungun,Sumatera Utara,42433
2021,1209,Asahan,Sumatera Utara,53874
2021,1210,Labuhanbatu,Sumatera Utara,75246
2021,1211,Dairi,Sumatera Utara,31013
2021,1212,Toba,Sumatera Utara,39732
2021,1213,Mandailing Natal,Sumatera Utara,31022
2021,1214,Nias Selatan,Sumatera Utara,20201
2021,1215,Pakpak Bharat,Sumatera Utara,23955
2021,1216,Humbang Hasundutan,Sumatera Utara,31789
2021,1217,Samosir,Sumatera Utara,34509
2021,1218,Serdang Bedagai,Sumatera Utara,45761
2021,1219,Batu Bara,Sumatera Utara,89340
2021,1220,Padang Lawas Utara,Sumatera Utara,49589
2021,1221,Padang Lawas,Sumatera Utara,49558
2021,1222,Labuhanbatu Selatan,Sumatera Utara,96442
2021,1223,Labuhanbatu Utara,Sumatera Utara,70672
2021,1224,Nias Utara,Sumatera Utara,25804
2021,1225,Nias Barat,Sumatera Utara,22095
2021,1271,Kota Medan,Sumatera Utara,104004
2021,1272,Kota Pematangsiantar,Sumatera Utara,52580
2021,1273,Kota Sibolga,Sumatera Utara,64179
2021,1274,Kota Tanjungbalai,Sumatera Utara,54084
2021,1275,Kota Binjai,Sumatera Utara,41737
2021,1276,Kota Tebing Tinggi,Sumatera Utara,36374
2021,1277,Kota Padangsidimpuan,Sumatera Utara,29710
2021,1278,Kota Gunungsitoli,Sumatera Utara,43598
2021,1301,Pesisir Selatan,Sumatera Barat,29268
2021,1302,Solok,Sumatera Barat,35879
2021,1303,Sijunjung,Sumatera Barat,40299
2021,1304,Tanah Datar,Sumatera Barat,36286
2021,1305,Padang Pariaman,Sumatera Barat,42314
2021,1306,Agam,Sumatera Barat,39911
2021,1307,Lima Puluh Kota,Sumatera Barat,41810
2021,1308,Pasaman,Sumatera Barat,31090
2021,1309,Kepulauan Mentawai,Sumatera Barat,54603
2021,1310,Dharmasraya,Sumatera Barat,46450
2021,1311,Solok Selatan,Sumatera Barat,31309
2021,1312,Pasaman Barat,Sumatera Barat,36472
2021,1371,Kota Padang,Sumatera Barat,70884
2021,1372,Kota Solok,Sumatera Barat,57010
2021,1373,Kota Sawahlunto,Sumatera Barat,58530
2021,1374,Kota Padang Panjang,Sumatera Barat,64124
2021,1375,Kota Bukittinggi,Sumatera Barat,74001
2021,1376,Kota Payakumbuh,Sumatera Barat,51809
2021,1377,Kota Pariaman,Sumatera Barat,55412
2021,1401,Kampar,Riau,101399
2021,1402,Indragiri Hulu,Riau,106177
2021,1403,Bengkalis,Riau,244869
2021,1404,Indragiri Hilir,Riau,110896
2021,1405,Pelalawan,Riau,145721
2021,1406,Rokan Hulu,Riau,74221
2021,1407,Rokan Hilir,Riau,124189
2021,1408,Siak,Riau,193401
2021,1409,Kuantan Singingi,Riau,114654
2021,1410,Kepulauan Meranti,Riau,101506
2021,1471,Kota Pekanbaru,Riau,127215
2021,1472,Kota Dumai,Riau,124686
2021,1501,Kerinci,Jambi,44640
2021,1502,Merangin,Jambi,49810
2021,1503,Sarolangun,Jambi,56433
2021,1504,Batanghari,Jambi,61695
2021,1505,Muaro Jambi,Jambi,67726
2021,1506,Tanjung Jabung Barat,Jambi,131006
2021,1507,Tanjung Jabung Timur,Jambi,93886
2021,1508,Bungo,Jambi,54816
2021,1509,Tebo,Jambi,49639
2021,1571,Kota Jambi,Jambi,52094
2021,1572,Kota Sungai Penuh,Jambi,81810
2021,1601,Ogan Komering Ulu,Sumatera Selatan,42405
2021,1602,Ogan Komering Ilir,Sumatera Selatan,40180
2021,1603,Muara Enim,Sumatera Selatan,112419
2021,1604,Lahat,Sumatera Selatan,45229
2021,1605,Musi Rawas,Sumatera Selatan,51147
2021,1606,Musi Banyuasin,Sumatera Selatan,115562
2021,1607,Banyuasin,Sumatera Selatan,36445
2021,1608,Ogan Komering Ulu Timur,Sumatera Selatan,24797
2021,1609,Ogan Komering Ulu Selatan,Sumatera Selatan,23062
2021,1610,Ogan Ilir,Sumatera Selatan,28641
2021,1611,Empat Lawang,Sumatera Selatan,16098
2021,1612,Penukal Abab Lematang Ilir,Sumatera Selatan,38185
2021,1613,Musi Rawas Utara,Sumatera Selatan,40567
2021,1671,Kota Palembang,Sumatera Selatan,96426
2021,1672,Kota Pagar Alam,Sumatera Selatan,20707
2021,1673,Kota Lubuk Linggau,Sumatera Selatan,29707
2021,1674,Kota Prabumulih,Sumatera Selatan,42736
2021,1701,Bengkulu Selatan,Bengkulu,36954
2021,1702,Rejang Lebong,Bengkulu,36134
2021,1703,Bengkulu Utara,Bengkulu,32906
2021,1704,Kaur,Bengkulu,30519
2021,1705,Seluma,Bengkulu,24069
2021,1706,Mukomuko,Bengkulu,29519
2021,1707,Lebong,Bengkulu,33763
2021,1708,Kepahiang,Bengkulu,31420
2021,1709,Bengkulu Tengah,Bengkulu,46330
2021,1771,Kota Bengkulu,Bengkulu,65943
2021,1801,Lampung Selatan,Lampung,42847
2021,1802,Lampung Tengah,Lampung,50445
2021,1803,Lampung Utara,Lampung,38888
2021,1804,Lampung Barat,Lampung,24503
2021,1805,Tulang Bawang,Lampung,55623
2021,1806,Tanggamus,Lampung,25238
2021,1807,Lampung Timur,Lampung,39143
2021,1808,Way Kanan,Lampung,30641
2021,1809,Pesawaran,Lampung,34880
2021,1810,Pringsewu,Lampung,28483
2021,1811,Mesuji,Lampung,47214
2021,1812,Tulang Bawang Barat,Lampung,41431
2021,1813,Pesisir Barat,Lampung,29718
2021,1871,Kota Bandar Lampung,Lampung,52259
2021,1872,Kota Metro,Lampung,38593
2021,1901,Bangka,Bangka Belitung,49064
2021,1902,Belitung,Bangka Belitung,59575
2021,1903,Bangka Selatan,Bangka Belitung,48799
2021,1904,Bangka Tengah,Bangka Belitung,46572
2021,1905,Bangka Barat,Bangka Belitung,74600
2021,1906,Belitung Timur,Bangka Belitung,69334
2021,1971,Kota Pangkal Pinang,Bangka Belitung,69596
2021,2101,Bintan,Kepulauan Riau,131846
2021,2102,Karimun,Kepulauan Riau,55678
2021,2103,Natuna,Kepulauan Riau,253651
2021,2104,Lingga,Kepulauan Riau,45439
2021,2105,Kepulauan Anambas,Kepulauan Riau,349503
2021,2171,Kota Batam,Kepulauan Riau,142243
2021,2172,Kota Tanjung Pinang,Kepulauan Riau,87563
2021,3101,Kepulauan Seribu,DKI Jakarta,291267
2021,3171,Kota Jakarta Pusat,DKI Jakarta,688487
2021,3172,Kota Jakarta Utara,DKI Jakarta,299603
2021,3173,Kota Jakarta Barat,DKI Jakarta,201829
2021,3174,Kota Jakarta Selatan,DKI Jakarta,299398
2021,3175,Kota Jakarta Timur,DKI Jakarta,163971
2021,3201,Bogor,Jawa Barat,45384
2021,3202,Sukabumi,Jawa Barat,25747
2021,3203,Cianjur,Jawa Barat,20050
2021,3204,Bandung,Jawa Barat,35724
2021,3205,Garut,Jawa Barat,23277
2021,3206,Tasikmalaya,Jawa Barat,20931
2021,3207,Ciamis,Jawa Barat,27282
2021,3208,Kuningan,Jawa Barat,22891
2021,3209,Cirebon,Jawa Barat,22730
2021,3210,Majalengka,Jawa Barat,25975
2021,3211,Sumedang,Jawa Barat,31970
2021,3212,Indramayu,Jawa Barat,44064
2021,3213,Subang,Jawa Barat,26095
2021,3214,Purwakarta,Jawa Barat,70152
2021,3215,Karawang,Jawa Barat,98846
2021,3216,Bekasi,Jawa Barat,108104
2021,3217,Bandung Barat,Jawa Barat,26965
2021,3218,Pangandaran,Jawa Barat,28501
2021,3271,Kota Bogor,Jawa Barat,45984
2021,3272,Kota Sukabumi,Jawa Barat,37278
2021,3273,Kota Bandung,Jawa Barat,120710
2021,3274,Kota Cirebon,Jawa Barat,72978
2021,3275,Kota Bekasi,Jawa Barat,39479
2021,3276,Kota Depok,Jawa Barat,35741
2021,3277,Kota Cimahi,Jawa Barat,59612
2021,3278,Kota Tasikmalaya,Jawa Barat,31592
2021,3279,Kota Banjar,Jawa Barat,22993
2021,3301,Cilacap,Jawa Tengah,55740
2021,3302,Banyumas,Jawa Tengah,31789
2021,3303,Purbalingga,Jawa Tengah,26232
2021,3304,Banjarnegara,Jawa Tengah,22256
2021,3305,Kebumen,Jawa Tengah,21694
2021,3306,Purworejo,Jawa Tengah,25311
2021,3307,Wonosobo,Jawa Tengah,22377
2021,3308,Magelang,Jawa Tengah,26125
2021,3309,Boyolali,Jawa Tengah,32614
2021,3310,Klaten,Jawa Tengah,33371
2021,3311,Sukoharjo,Jawa Tengah,42649
2021,3312,Wonogiri,Jawa Tengah,29276
2021,3313,Karanganyar,Jawa Tengah,41617
2021,3314,Sragen,Jawa Tengah,40809
2021,3315,Grobogan,Jawa Tengah,19674
2021,3316,Blora,Jawa Tengah,30316
2021,3317,Rembang,Jawa Tengah,30908
2021,3318,Pati,Jawa Tengah,34122
2021,3319,Kudus,Jawa Tengah,126948
2021,3320,Jepara,Jawa Tengah,26783
2021,3321,Demak,Jawa Tengah,22768
2021,3322,Semarang,Jawa Tengah,48793
2021,3323,Temanggung,Jawa Tengah,28462
2021,3324,Kendal,Jawa Tengah,43937
2021,3325,Batang,Jawa Tengah,28571
2021,3326,Pekalongan,Jawa Tengah,24437
2021,3327,Pemalang,Jawa Tengah,18465
2021,3328,Tegal,Jawa Tengah,23141
2021,3329,Brebes,Jawa Tengah,24525
2021,3371,Kota Magelang,Jawa Tengah,75495
2021,3372,Kota Surakarta,Jawa Tengah,96109
2021,3373,Kota Salatiga,Jawa Tengah,72166
2021,3374,Kota Semarang,Jawa Tengah,123037
2021,3375,Kota Pekalongan,Jawa Tengah,36955
2021,3376,Kota Tegal,Jawa Tengah,57949
2021,3401,Kulon Progo,DI Yogyakarta,28851
2021,3402,Bantul,DI Yogyakarta,28356
2021,3403,Gunungkidul,DI Yogyakarta,27304
2021,3404,Sleman,DI Yogyakarta,43560
2021,3471,Kota Yogyakarta,DI Yogyakarta,102702
2021,3501,Pacitan,Jawa Timur,27932
2021,3502,Ponorogo,Jawa Timur,22432
2021,3503,Trenggalek,Jawa Timur,26160
2021,3504,Tulungagung,Jawa Timur,36688
2021,3505,Blitar,Jawa Timur,30683
2021,3506,Kediri,Jawa Timur,25867
2021,3507,Malang,Jawa Timur,40057
2021,3508,Lumajang,Jawa Timur,29939
2021,3509,Jember,Jawa Timur,31781
2021,3510,Banyuwangi,Jawa Timur,49896
2021,3511,Bondowoso,Jawa Timur,27009
2021,3512,Situbondo,Jawa Timur,30765
2021,3513,Probolinggo,Jawa Timur,30708
2021,3514,Pasuruan,Jawa Timur,97171
2021,3515,Sidoarjo,Jawa Timur,100252
2021,3516,Mojokerto,Jawa Timur,77340
2021,3517,Jombang,Jawa Timur,31449
2021,3518,Nganjuk,Jawa Timur,25280
2021,3519,Madiun,Jawa Timur,26802
2021,3520,Magetan,Jawa Timur,29081
2021,3521,Ngawi,Jawa Timur,23838
2021,3522,Bojonegoro,Jawa Timur,64424
2021,3523,Tuban,Jawa Timur,54739
2021,3524,Lamongan,Jawa Timur,30373
2021,3525,Gresik,Jawa Timur,109418
2021,3526,Bangkalan,Jawa Timur,23148
2021,3527,Sampang,Jawa Timur,21064
2021,3528,Pamekasan,Jawa Timur,20596
2021,3529,Sumenep,Jawa Timur,31177
2021,3571,Kota Kediri,Jawa Timur,489294
2021,3572,Kota Blitar,Jawa Timur,47329
2021,3573,Kota Malang,Jawa Timur,90160
2021,3574,Kota Probolinggo,Jawa Timur,48406
2021,3575,Kota Pasuruan,Jawa Timur,40372
2021,3576,Kota Mojokerto,Jawa Timur,51962
2021,3577,Kota Madiun,Jawa Timur,73502
2021,3578,Kota Surabaya,Jawa Timur,204411
2021,3579,Kota Batu,Jawa Timur,78331
2021,3601,Pandeglang,Banten,23252
2021,3602,Lebak,Banten,22012
2021,3603,Tangerang,Banten,44298
2021,3604,Serang,Banten,48918
2021,3671,Kota Tangerang,Banten,78533
2021,3672,Kota Cilegon,Banten,251422
2021,3673,Kota Serang,Banten,47798
2021,3674,Kota Tangerang Selatan,Banten,64499
2021,5101,Jembrana,Bali,42382
2021,5102,Tabanan,Bali,47573
2021,5103,Badung,Bali,81198
2021,5104,Gianyar,Bali,49810
2021,5105,Klungkung,Bali,41163
2021,5106,Bangli,Bali,26319
2021,5107,Karangasem,Bali,33353
2021,5108,Buleleng,Bali,41893
2021,5171,Kota Denpasar,Bali,67754
2021,5201,Lombok Barat,Nusa Tenggara Barat,21095
2021,5202,Lombok Tengah,Nusa Tenggara Barat,16855
2021,5203,Lombok Timur,Nusa Tenggara Barat,15656
2021,5204,Sumbawa,Nusa Tenggara Barat,29156
2021,5205,Dompu,Nusa Tenggara Barat,30628
2021,5206,Bima,Nusa Tenggara Barat,22808
2021,5207,Sumbawa Barat,Nusa Tenggara Barat,160814
2021,5208,Lombok Utara,Nusa Tenggara Barat,18799
2021,5271,Kota Mataram,Nusa Tenggara Barat,45469
2021,5272,Kota Bima,Nusa Tenggara Barat,27421
2021,5301,Kupang,Nusa Tenggara Timur,21621
2021,5302,Timor Tengah Selatan,Nusa Tenggara Timur,17885
2021,5303,Timor Tengah Utara,Nusa Tenggara Timur,16052
2021,5304,Belu,Nusa Tenggara Timur,21204
2021,5305,Alor,Nusa Tenggara Timur,14759
2021,5306,Flores Timur,Nusa Tenggara Timur,19216
2021,5307,Sikka,Nusa Tenggara Timur,16335
2021,5308,Ende,Nusa Tenggara Timur,23133
2021,5309,Ngada,Nusa Tenggara Timur,21418
2021,5310,Manggarai,Nusa Tenggara Timur,15157
2021,5311,Sumba Timur,Nusa Tenggara Timur,25846
2021,5312,Sumba Barat,Nusa Tenggara Timur,16418
2021,5313,Lembata,Nusa Tenggara Timur,13910
2021,5314,Rote Ndao,Nusa Tenggara Timur,22513
2021,5315,Manggarai Barat,Nusa Tenggara Timur,13871
2021,5316,Nagekeo,Nusa Tenggara Timur,14536
2021,5317,Sumba Tengah,Nusa Tenggara Timur,14162
2021,5318,Sumba Barat Daya,Nusa Tenggara Timur,12591
2021,5319,Manggarai Timur,Nusa Tenggara Timur,12192
2021,5320,Sabu Raijua,Nusa Tenggara Timur,16041
2021,5321,Malaka,Nusa Tenggara Timur,15752
2021,5371,Kota Kupang,Nusa Tenggara Timur,54282
2021,6101,Sambas,Kalimantan Barat,35153
2021,6102,Mempawah,Kalimantan Barat,29807
2021,6103,Sanggau,Kalimantan Barat,44200
2021,6104,Ketapang,Kalimantan Barat,53555
2021,6105,Sintang,Kalimantan Barat,36947
2021,6106,Kapuas Hulu,Kalimantan Barat,43337
2021,6107,Bengkayang,Kalimantan Barat,32137
2021,6108,Landak,Kalimantan Barat,28870
2021,6109,Sekadau,Kalimantan Barat,33339
2021,6110,Melawi,Kalimantan Barat,24277
2021,6111,Kayong Utara,Kalimantan Barat,35333
2021,6112,Kubu Raya,Kalimantan Barat,50546
2021,6171,Kota Pontianak,Kalimantan Barat,60540
2021,6172,Kota Singkawang,Kalimantan Barat,45668
2021,6201,Kotawaringin Barat,Kalimantan Tengah,86751
2021,6202,Kotawaringin Timur,Kalimantan Tengah,68493
2021,6203,Kapuas,Kalimantan Tengah,45070
2021,6204,Barito Selatan,Kalimantan Tengah,50535
2021,6205,Barito Utara,Kalimantan Tengah,67518
2021,6206,Katingan,Kalimantan Tengah,55038
2021,6207,Seruyan,Kalimantan Tengah,59863
2021,6208,Sukamara,Kalimantan Tengah,76914
2021,6209,Lamandau,Kalimantan Tengah,66406
2021,6210,Gunung Mas,Kalimantan Tengah,52196
2021,6211,Pulang Pisau,Kalimantan Tengah,44054
2021,6212,Murung Raya,Kalimantan Tengah,78903
2021,6213,Barito Timur,Kalimantan Tengah,69511
2021,6271,Kota Palangkaraya,Kalimantan Tengah,66158
2021,6301,Tanah Laut,Kalimantan Selatan,43502
2021,6302,Kotabaru,Kalimantan Selatan,80388
2021,6303,Banjar,Kalimantan Selatan,31308
2021,6304,Barito Kuala,Kalimantan Selatan,28971
2021,6305,Tapin,Kalimantan Selatan,49019
2021,6306,Hulu Sungai Selatan,Kalimantan Selatan,30944
2021,6307,Hulu Sungai Tengah,Kalimantan Selatan,28339
2021,6308,Hulu Sungai Utara,Kalimantan Selatan,22931
2021,6309,Tabalong,Kalimantan Selatan,77830
2021,6310,Tanah Bumbu,Kalimantan Selatan,69333
2021,6311,Balangan,Kalimantan Selatan,93645
2021,6371,Kota Banjarmasin,Kalimantan Selatan,52333
2021,6372,Kota Banjarbaru,Kalimantan Selatan,38867
2021,6401,Paser,Kalimantan Timur,193818
2021,6402,Kutai Kartanegara,Kalimantan Timur,241067
2021,6403,Berau,Kalimantan Timur,171494
2021,6407,Kutai Barat,Kalimantan Timur,184710
2021,6408,Kutai Timur,Kalimantan Timur,310292
2021,6409,Penajam Paser Utara,Kalimantan Timur,55871
2021,6411,Mahakam Ulu,Kalimantan Timur,90432
2021,6471,Kota Balikpapan,Kalimantan Timur,160304
2021,6472,Kota Samarinda,Kalimantan Timur,85219
2021,6474,Kota Bontang,Kalimantan Timur,320304
2021,6501,Bulungan,Kalimantan Utara,131808
2021,6502,Malinau,Kalimantan Utara,154010
2021,6503,Nunukan,Kalimantan Utara,147671
2021,6504,Tana Tidung,Kalimantan Utara,258113
2021,6571,Kota Tarakan,Kalimantan Utara,170703
2021,7101,Bolaang Mongondow,Sulawesi Utara,35782
2021,7102,Minahasa,Sulawesi Utara,53486
2021,7103,Kepulauan Sangihe,Sulawesi Utara,34209
2021,7104,Kepulauan Talaud,Sulawesi Utara,25416
2021,7105,Minahasa Selatan,Sulawesi Utara,40353
2021,7106,Minahasa Utara,Sulawesi Utara,69241
2021,7107,Minahasa Tenggara,Sulawesi Utara,48005
2021,7108,Bolaang Mongondow Utara,Sulawesi Utara,32496
2021,7109,Kepulauan Siau Tagulandang Biaro,Sulawesi Utara,36341
2021,7110,Bolaang Mongondow Timur,Sulawesi Utara,36448
2021,7111,Bolaang Mongondow Selatan,Sulawesi Utara,32590
2021,7171,Kota Manado,Sulawesi Utara,86999
2021,7172,Kota Bitung,Sulawesi Utara,82191
2021,7173,Kota Tomohon,Sulawesi Utara,45295
2021,7174,Kota Kotamobagu,Sulawesi Utara,32295
2021,7201,Banggai,Sulawesi Tengah,84300
2021,7202,Poso,Sulawesi Tengah,40246
2021,7203,Donggala,Sulawesi Tengah,41481
2021,7204,Toli-Toli,Sulawesi Tengah,39195
2021,7205,Buol,Sulawesi Tengah,41783
2021,7206,Morowali,Sulawesi Tengah,601783
2021,7207,Banggai Kepulauan,Sulawesi Tengah,34117
2021,7208,Parigi Moutong,Sulawesi Tengah,41504
2021,7209,Tojo Una Una,Sulawesi Tengah,35928
2021,7210,Sigi,Sulawesi Tengah,37417
2021,7211,Banggai Laut,Sulawesi Tengah,35470
2021,7212,Morowali Utara,Sulawesi Tengah,107122
2021,7271,Kota Palu,Sulawesi Tengah,69334
2021,7301,Kepulauan Selayar,Sulawesi Selatan,49475
2021,7302,Bulukumba,Sulawesi Selatan,35968
2021,7303,Bantaeng,Sulawesi Selatan,50787
2021,7304,Jeneponto,Sulawesi Selatan,27276
2021,7305,Takalar,Sulawesi Selatan,36578
2021,7306,Gowa,Sulawesi Selatan,30361
2021,7307,Sinjai,Sulawesi Selatan,46991
2021,7308,Bone,Sulawesi Selatan,48668
2021,7309,Maros,Sulawesi Selatan,47959
2021,7310,Pangkajene dan Kepulauan,Sulawesi Selatan,79123
2021,7311,Barru,Sulawesi Selatan,43465
2021,7312,Soppeng,Sulawesi Selatan,52666
2021,7313,Wajo,Sulawesi Selatan,58551
2021,7314,Sidenreng Rappang,Sulawesi Selatan,47337
2021,7315,Pinrang,Sulawesi Selatan,53258
2021,7316,Enrekang,Sulawesi Selatan,36031
2021,7317,Luwu,Sulawesi Selatan,48299
2021,7318,Tana Toraja,Sulawesi Selatan,28532
2021,7322,Luwu Utara,Sulawesi Selatan,44198
2021,7324,Luwu Timur,Sulawesi Selatan,78707
2021,7326,Toraja Utara,Sulawesi Selatan,39118
2021,7371,Kota Makassar,Sulawesi Selatan,132678
2021,7372,Kota Parepare,Sulawesi Selatan,51026
2021,7373,Kota Palopo,Sulawesi Selatan,46627
2021,7401,Kolaka,Sulawesi Tenggara,114671
2021,7402,Konawe,Sulawesi Tenggara,44344
2021,7403,Muna,Sulawesi Tenggara,33777
2021,7404,Buton,Sulawesi Tenggara,34615
2021,7405,Konawe Selatan,Sulawesi Tenggara,40441
2021,7406,Bombana,Sulawesi Tenggara,45227
2021,7407,Wakatobi,Sulawesi Tenggara,41758
2021,7408,Kolaka Utara,Sulawesi Tenggara,65670
2021,7409,Konawe Utara,Sulawesi Tenggara,61689
2021,7410,Buton Utara,Sulawesi Tenggara,50900
2021,7411,Kolaka Timur,Sulawesi Tenggara,39570
2021,7412,Konawe Kepulauan,Sulawesi Tenggara,39027
2021,7413,Muna Barat,Sulawesi Tenggara,32472
2021,7414,Buton Tengah,Sulawesi Tenggara,21900
2021,7415,Buton Selatan,Sulawesi Tenggara,31084
2021,7471,Kota Kendari,Sulawesi Tenggara,67484
2021,7472,Kota Bau Bau,Sulawesi Tenggara,59694
2021,7501,Gorontalo,Gorontalo,34566
2021,7502,Boalemo,Gorontalo,38886
2021,7503,Bone Bolango,Gorontalo,29667
2021,7504,Pohuwato,Gorontalo,47678
2021,7505,Gorontalo Utara,Gorontalo,28382
2021,7571,Kota Gorontalo,Gorontalo,44838
2021,7601,Pasangkayu,Sulawesi Barat,64619
2021,7602,Mamuju,Sulawesi Barat,43916
2021,7603,Mamasa,Sulawesi Barat,18918
2021,7604,Polewali Mandar,Sulawesi Barat,28575
2021,7605,Majene,Sulawesi Barat,29513
2021,7606,Mamuju Tengah,Sulawesi Barat,25934
2021,8101,Maluku Tengah,Maluku,21350
2021,8102,Maluku Tenggara,Maluku,28022
2021,8103,Kepulauan Tanimbar,Maluku,22951
2021,8104,Buru,Maluku,18474
2021,8105,Seram Bagian Timur,Maluku,22669
2021,8106,Seram Bagian Barat,Maluku,14742
2021,8107,Kepulauan Aru,Maluku,35360
2021,8108,Maluku Barat Daya,Maluku,23960
2021,8109,Buru Selatan,Maluku,19431
2021,8171,Kota Ambon,Maluku,44406
2021,8172,Kota Tual,Maluku,29401
2021,8201,Halmahera Barat,Maluku Utara,17556
2021,8202,Halmahera Tengah,Maluku Utara,166922
2021,8203,Halmahera Utara,Maluku Utara,30033
2021,8204,Halmahera Selatan,Maluku Utara,43312
2021,8205,Kepulauan Sula,Maluku Utara,24678
2021,8206,Halmahera Timur,Maluku Utara,42187
2021,8207,Pulau Morotai,Maluku Utara,21716
2021,8208,Pulau Taliabu,Maluku Utara,29215
2021,8271,Kota Ternate,Maluku Utara,52960
2021,8272,Kota Tidore Kepulauan,Maluku Utara,26144
2021,9103,Jayapura,Papua,101346
2021,9105,Kepulauan Yapen,Papua,38810
2021,9106,Biak Numfor,Papua,40463
2021,9110,Sarmi,Papua,74203
2021,9111,Keerom,Papua,49227
2021,9115,Waropen,Papua,61602
2021,9119,Supiori,Papua,47426
2021,9120,Mamberamo Raya,Papua,49231
2021,9171,Kota Jayapura,Papua,82241
2021,9202,Manokwari,Papua Barat,50311
2021,9203,Fak Fak,Papua Barat,61904
2021,9206,Teluk Bintuni,Papua Barat,356172
2021,9207,Teluk Wondama,Papua Barat,36731
2021,9208,Kaimana,Papua Barat,42316
2021,9211,Manokwari Selatan,Papua Barat,23540
2021,9212,Pegunungan Arfak,Papua Barat,6236
2021,9301,Merauke,Papua Selatan,–
2021,9302,Boven Digoel,Papua Selatan,–
2021,9303,Mappi,Papua Selatan,–
2021,9304,Asmat,Papua Selatan,–
2021,9401,Nabire,Papua Tengah,–
2021,9402,Puncak Jaya,Papua Tengah,–
2021,9403,Paniai,Papua Tengah,–
2021,9404,Mimika,Papua Tengah,–
2021,9405,Puncak,Papua Tengah,–
2021,9406,Dogiyai,Papua Tengah,–
2021,9407,Intan Jaya,Papua Tengah,–
2021,9408,Deiyai,Papua Tengah,–
2021,9501,Jayawijaya,Papua Pegunungan,–
2021,9502,Pegunungan Bintang,Papua Pegunungan,–
2021,9503,Yahukimo,Papua Pegunungan,–
2021,9504,Tolikara,Papua Pegunungan,–
2021,9505,Mamberamo Tengah,Papua Pegunungan,–
2021,9506,Yalimo,Papua Pegunungan,–
2021,9507,Lanny Jaya,Papua Pegunungan,–
2021,9508,Nduga,Papua Pegunungan,–
2021,9601,Sorong,Papua Barat Daya,–
2021,9602,Sorong Selatan,Papua Barat Daya,–
2021,9603,Raja Ampat,Papua Barat Daya,–
2021,9604,Tambrauw,Papua Barat Daya,–
2021,9605,Maybrat,Papua Barat Daya,–
2021,9671,Kota Sorong,Papua Barat Daya,–
2022,1101,Aceh Selatan,Aceh,27208
2022,1102,Aceh Tenggara,Aceh,25643
2022,1103,Aceh Timur,Aceh,30288
2022,1104,Aceh Tengah,Aceh,40172
2022,1105,Aceh Barat,Aceh,62823
2022,1106,Aceh Besar,Aceh,37120
2022,1107,Pidie,Aceh,27984
2022,1108,Aceh Utara,Aceh,45612
2022,1109,Simeulue,Aceh,28117
2022,1110,Aceh Singkil,Aceh,22959
2022,1111,Bireuen,Aceh,34584
2022,1112,Aceh Barat Daya,Aceh,29376
2022,1113,Gayo Lues,Aceh,29878
2022,1114,Aceh Jaya,Aceh,32497
2022,1115,Nagan Raya,Aceh,61797
2022,1116,Aceh Tamiang,Aceh,34622
2022,1117,Bener Meriah,Aceh,32918
2022,1118,Pidie Jaya,Aceh,24536
2022,1171,Kota Banda Aceh,Aceh,83314
2022,1172,Kota Sabang,Aceh,38846
2022,1173,Kota Lhokseumawe,Aceh,52908
2022,1174,Kota Langsa,Aceh,32701
2022,1175,Kota Subulussalam,Aceh,24986
2022,1201,Tapanuli Tengah,Sumatera Utara,30712
2022,1202,Tapanuli Utara,Sumatera Utara,30216
2022,1203,Tapanuli Selatan,Sumatera Utara,55276
2022,1204,Nias,Sumatera Utara,29921
2022,1205,Langkat,Sumatera Utara,48775
2022,1206,Karo,Sumatera Utara,57762
2022,1207,Deli Serdang,Sumatera Utara,64186
2022,1208,Simalungun,Sumatera Utara,46370
2022,1209,Asahan,Sumatera Utara,58872
2022,1210,Labuhanbatu,Sumatera Utara,82480
2022,1211,Dairi,Sumatera Utara,33604
2022,1212,Toba,Sumatera Utara,42396
2022,1213,Mandailing Natal,Sumatera Utara,33585
2022,1214,Nias Selatan,Sumatera Utara,21373
2022,1215,Pakpak Bharat,Sumatera Utara,25755
2022,1216,Humbang Hasundutan,Sumatera Utara,34199
2022,1217,Samosir,Sumatera Utara,37017
2022,1218,Serdang Bedagai,Sumatera Utara,49734
2022,1219,Batu Bara,Sumatera Utara,96493
2022,1220,Padang Lawas Utara,Sumatera Utara,53197
2022,1221,Padang Lawas,Sumatera Utara,53939
2022,1222,Labuhanbatu Selatan,Sumatera Utara,105126
2022,1223,Labuhanbatu Utara,Sumatera Utara,76695
2022,1224,Nias Utara,Sumatera Utara,27270
2022,1225,Nias Barat,Sumatera Utara,23264
2022,1271,Kota Medan,Sumatera Utara,113797
2022,1272,Kota Pematangsiantar,Sumatera Utara,55796
2022,1273,Kota Sibolga,Sumatera Utara,69828
2022,1274,Kota Tanjungbalai,Sumatera Utara,57938
2022,1275,Kota Binjai,Sumatera Utara,44499
2022,1276,Kota Tebing Tinggi,Sumatera Utara,39210
2022,1277,Kota Padangsidimpuan,Sumatera Utara,31791
2022,1278,Kota Gunungsitoli,Sumatera Utara,46106
2022,1301,Pesisir Selatan,Sumatera Barat,32077
2022,1302,Solok,Sumatera Barat,39424
2022,1303,Sijunjung,Sumatera Barat,44343
2022,1304,Tanah Datar,Sumatera Barat,39722
2022,1305,Padang Pariaman,Sumatera Barat,50019
2022,1306,Agam,Sumatera Barat,43937
2022,1307,Lima Puluh Kota,Sumatera Barat,45693
2022,1308,Pasaman,Sumatera Barat,33702
2022,1309,Kepulauan Mentawai,Sumatera Barat,60449
2022,1310,Dharmasraya,Sumatera Barat,51886
2022,1311,Solok Selatan,Sumatera Barat,34199
2022,1312,Pasaman Barat,Sumatera Barat,40306
2022,1371,Kota Padang,Sumatera Barat,78356
2022,1372,Kota Solok,Sumatera Barat,62882
2022,1373,Kota Sawahlunto,Sumatera Barat,65737
2022,1374,Kota Padang Panjang,Sumatera Barat,70732
2022,1375,Kota Bukittinggi,Sumatera Barat,82854
2022,1376,Kota Payakumbuh,Sumatera Barat,57734
2022,1377,Kota Pariaman,Sumatera Barat,61228
2022,1401,Kampar,Riau,119442
2022,1402,Indragiri Hulu,Riau,118837
2022,1403,Bengkalis,Riau,304609
2022,1404,Indragiri Hilir,Riau,124221
2022,1405,Pelalawan,Riau,163051
2022,1406,Rokan Hulu,Riau,85142
2022,1407,Rokan Hilir,Riau,146801
2022,1408,Siak,Riau,227500
2022,1409,Kuantan Singingi,Riau,131364
2022,1410,Kepulauan Meranti,Riau,118777
2022,1471,Kota Pekanbaru,Riau,143746
2022,1472,Kota Dumai,Riau,138762
2022,1501,Kerinci,Jambi,48234
2022,1502,Merangin,Jambi,55836
2022,1503,Sarolangun,Jambi,69896
2022,1504,Batanghari,Jambi,78708
2022,1505,Muaro Jambi,Jambi,79821
2022,1506,Tanjung Jabung Barat,Jambi,153699
2022,1507,Tanjung Jabung Timur,Jambi,109239
2022,1508,Bungo,Jambi,67067
2022,1509,Tebo,Jambi,56907
2022,1571,Kota Jambi,Jambi,58339
2022,1572,Kota Sungai Penuh,Jambi,87989
2022,1601,Ogan Komering Ulu,Sumatera Selatan,46957
2022,1602,Ogan Komering Ilir,Sumatera Selatan,50036
2022,1603,Muara Enim,Sumatera Selatan,181316
2022,1604,Lahat,Sumatera Selatan,63324
2022,1605,Musi Rawas,Sumatera Selatan,55375
2022,1606,Musi Banyuasin,Sumatera Selatan,129486
2022,1607,Banyuasin,Sumatera Selatan,39592
2022,1608,Ogan Komering Ulu Timur,Sumatera Selatan,26952
2022,1609,Ogan Komering Ulu Selatan,Sumatera Selatan,24665
2022,1610,Ogan Ilir,Sumatera Selatan,31102
2022,1611,Empat Lawang,Sumatera Selatan,17201
2022,1612,Penukal Abab Lematang Ilir,Sumatera Selatan,40988
2022,1613,Musi Rawas Utara,Sumatera Selatan,44189
2022,1671,Kota Palembang,Sumatera Selatan,105750
2022,1672,Kota Pagar Alam,Sumatera Selatan,22236
2022,1673,Kota Lubuk Linggau,Sumatera Selatan,32052
2022,1674,Kota Prabumulih,Sumatera Selatan,46471
2022,1701,Bengkulu Selatan,Bengkulu,39582
2022,1702,Rejang Lebong,Bengkulu,38910
2022,1703,Bengkulu Utara,Bengkulu,40641
2022,1704,Kaur,Bengkulu,32651
2022,1705,Seluma,Bengkulu,25578
2022,1706,Mukomuko,Bengkulu,31744
2022,1707,Lebong,Bengkulu,35710
2022,1708,Kepahiang,Bengkulu,33750
2022,1709,Bengkulu Tengah,Bengkulu,54734
2022,1771,Kota Bengkulu,Bengkulu,72977
2022,1801,Lampung Selatan,Lampung,47031
2022,1802,Lampung Tengah,Lampung,55289
2022,1803,Lampung Utara,Lampung,41758
2022,1804,Lampung Barat,Lampung,26802
2022,1805,Tulang Bawang,Lampung,59077
2022,1806,Tanggamus,Lampung,27644
2022,1807,Lampung Timur,Lampung,43947
2022,1808,Way Kanan,Lampung,33481
2022,1809,Pesawaran,Lampung,38102
2022,1810,Pringsewu,Lampung,30984
2022,1811,Mesuji,Lampung,51038
2022,1812,Tulang Bawang Barat,Lampung,45296
2022,1813,Pesisir Barat,Lampung,31972
2022,1871,Kota Bandar Lampung,Lampung,57258
2022,1872,Kota Metro,Lampung,42001
2022,1901,Bangka,Bangka Belitung,53801
2022,1902,Belitung,Bangka Belitung,65879
2022,1903,Bangka Selatan,Bangka Belitung,52638
2022,1904,Bangka Tengah,Bangka Belitung,51486
2022,1905,Bangka Barat,Bangka Belitung,79856
2022,1906,Belitung Timur,Bangka Belitung,75426
2022,1971,Kota Pangkal Pinang,Bangka Belitung,77075
2022,2101,Bintan,Kepulauan Riau,149877
2022,2102,Karimun,Kepulauan Riau,60336
2022,2103,Natuna,Kepulauan Riau,290848
2022,2104,Lingga,Kepulauan Riau,48510
2022,2105,Kepulauan Anambas,Kepulauan Riau,410971
2022,2171,Kota Batam,Kepulauan Riau,157633
2022,2172,Kota Tanjung Pinang,Kepulauan Riau,93851
2022,3101,Kepulauan Seribu,DKI Jakarta,358302
2022,3171,Kota Jakarta Pusat,DKI Jakarta,755015
2022,3172,Kota Jakarta Utara,DKI Jakarta,326693
2022,3173,Kota Jakarta Barat,DKI Jakarta,219934
2022,3174,Kota Jakarta Selatan,DKI Jakarta,327041
2022,3175,Kota Jakarta Timur,DKI Jakarta,178421
2022,3201,Bogor,Jawa Barat,48187
2022,3202,Sukabumi,Jawa Barat,27472
2022,3203,Cianjur,Jawa Barat,21341
2022,3204,Bandung,Jawa Barat,38783
2022,3205,Garut,Jawa Barat,25138
2022,3206,Tasikmalaya,Jawa Barat,22545
2022,3207,Ciamis,Jawa Barat,29577
2022,3208,Kuningan,Jawa Barat,24827
2022,3209,Cirebon,Jawa Barat,24301
2022,3210,Majalengka,Jawa Barat,28447
2022,3211,Sumedang,Jawa Barat,34243
2022,3212,Indramayu,Jawa Barat,48454
2022,3213,Subang,Jawa Barat,28223
2022,3214,Purwakarta,Jawa Barat,74745
2022,3215,Karawang,Jawa Barat,107455
2022,3216,Bekasi,Jawa Barat,115085
2022,3217,Bandung Barat,Jawa Barat,28852
2022,3218,Pangandaran,Jawa Barat,30714
2022,3271,Kota Bogor,Jawa Barat,49875
2022,3272,Kota Sukabumi,Jawa Barat,39931
2022,3273,Kota Bandung,Jawa Barat,132098
2022,3274,Kota Cirebon,Jawa Barat,78532
2022,3275,Kota Bekasi,Jawa Barat,42293
2022,3276,Kota Depok,Jawa Barat,38402
2022,3277,Kota Cimahi,Jawa Barat,64427
2022,3278,Kota Tasikmalaya,Jawa Barat,34096
2022,3279,Kota Banjar,Jawa Barat,24023
2022,3301,Cilacap,Jawa Tengah,60883
2022,3302,Banyumas,Jawa Tengah,34711
2022,3303,Purbalingga,Jawa Tengah,28347
2022,3304,Banjarnegara,Jawa Tengah,24114
2022,3305,Kebumen,Jawa Tengah,23630
2022,3306,Purworejo,Jawa Tengah,27326
2022,3307,Wonosobo,Jawa Tengah,24023
2022,3308,Magelang,Jawa Tengah,28367
2022,3309,Boyolali,Jawa Tengah,35909
2022,3310,Klaten,Jawa Tengah,36523
2022,3311,Sukoharjo,Jawa Tengah,46323
2022,3312,Wonogiri,Jawa Tengah,32152
2022,3313,Karanganyar,Jawa Tengah,45446
2022,3314,Sragen,Jawa Tengah,44690
2022,3315,Grobogan,Jawa Tengah,21506
2022,3316,Blora,Jawa Tengah,34565
2022,3317,Rembang,Jawa Tengah,33758
2022,3318,Pati,Jawa Tengah,37245
2022,3319,Kudus,Jawa Tengah,132334
2022,3320,Jepara,Jawa Tengah,28981
2022,3321,Demak,Jawa Tengah,24643
2022,3322,Semarang,Jawa Tengah,52845
2022,3323,Temanggung,Jawa Tengah,30837
2022,3324,Kendal,Jawa Tengah,47728
2022,3325,Batang,Jawa Tengah,31055
2022,3326,Pekalongan,Jawa Tengah,26080
2022,3327,Pemalang,Jawa Tengah,19876
2022,3328,Tegal,Jawa Tengah,24946
2022,3329,Brebes,Jawa Tengah,26557
2022,3371,Kota Magelang,Jawa Tengah,82660
2022,3372,Kota Surakarta,Jawa Tengah,106264
2022,3373,Kota Salatiga,Jawa Tengah,78261
2022,3374,Kota Semarang,Jawa Tengah,135328
2022,3375,Kota Pekalongan,Jawa Tengah,40115
2022,3376,Kota Tegal,Jawa Tengah,63224
2022,3401,Kulon Progo,DI Yogyakarta,32508
2022,3402,Bantul,DI Yogyakarta,31168
2022,3403,Gunungkidul,DI Yogyakarta,30356
2022,3404,Sleman,DI Yogyakarta,47754
2022,3471,Kota Yogyakarta,DI Yogyakarta,113499
2022,3501,Pacitan,Jawa Timur,30627
2022,3502,Ponorogo,Jawa Timur,24094
2022,3503,Trenggalek,Jawa Timur,28309
2022,3504,Tulungagung,Jawa Timur,40069
2022,3505,Blitar,Jawa Timur,33285
2022,3506,Kediri,Jawa Timur,28035
2022,3507,Malang,Jawa Timur,43581
2022,3508,Lumajang,Jawa Timur,32384
2022,3509,Jember,Jawa Timur,34265
2022,3510,Banyuwangi,Jawa Timur,53822
2022,3511,Bondowoso,Jawa Timur,29217
2022,3512,Situbondo,Jawa Timur,33367
2022,3513,Probolinggo,Jawa Timur,33323
2022,3514,Pasuruan,Jawa Timur,105850
2022,3515,Sidoarjo,Jawa Timur,115389
2022,3516,Mojokerto,Jawa Timur,84307
2022,3517,Jombang,Jawa Timur,34292
2022,3518,Nganjuk,Jawa Timur,27583
2022,3519,Madiun,Jawa Timur,29110
2022,3520,Magetan,Jawa Timur,31275
2022,3521,Ngawi,Jawa Timur,25602
2022,3522,Bojonegoro,Jawa Timur,76507
2022,3523,Tuban,Jawa Timur,62059
2022,3524,Lamongan,Jawa Timur,33399
2022,3525,Gresik,Jawa Timur,122650
2022,3526,Bangkalan,Jawa Timur,25134
2022,3527,Sampang,Jawa Timur,23186
2022,3528,Pamekasan,Jawa Timur,22226
2022,3529,Sumenep,Jawa Timur,35324
2022,3571,Kota Kediri,Jawa Timur,522857
2022,3572,Kota Blitar,Jawa Timur,51593
2022,3573,Kota Malang,Jawa Timur,98885
2022,3574,Kota Probolinggo,Jawa Timur,52921
2022,3575,Kota Pasuruan,Jawa Timur,44303
2022,3576,Kota Mojokerto,Jawa Timur,56648
2022,3577,Kota Madiun,Jawa Timur,79817
2022,3578,Kota Surabaya,Jawa Timur,226080
2022,3579,Kota Batu,Jawa Timur,85414
2022,3601,Pandeglang,Banten,24696
2022,3602,Lebak,Banten,23617
2022,3603,Tangerang,Banten,48218
2022,3604,Serang,Banten,52957
2022,3671,Kota Tangerang,Banten,94428
2022,3672,Kota Cilegon,Banten,271349
2022,3673,Kota Serang,Banten,51548
2022,3674,Kota Tangerang Selatan,Banten,69729
2022,5101,Jembrana,Bali,45249
2022,5102,Tabanan,Bali,50978
2022,5103,Badung,Bali,99076
2022,5104,Gianyar,Bali,53645
2022,5105,Klungkung,Bali,44269
2022,5106,Bangli,Bali,28182
2022,5107,Karangasem,Bali,35519
2022,5108,Buleleng,Bali,44603
2022,5171,Kota Denpasar,Bali,73732
2022,5201,Lombok Barat,Nusa Tenggara Barat,22318
2022,5202,Lombok Tengah,Nusa Tenggara Barat,17991
2022,5203,Lombok Timur,Nusa Tenggara Barat,16519
2022,5204,Sumbawa,Nusa Tenggara Barat,30837
2022,5205,Dompu,Nusa Tenggara Barat,32152
2022,5206,Bima,Nusa Tenggara Barat,24133
2022,5207,Sumbawa Barat,Nusa Tenggara Barat,209611
2022,5208,Lombok Utara,Nusa Tenggara Barat,19874
2022,5271,Kota Mataram,Nusa Tenggara Barat,48454
2022,5272,Kota Bima,Nusa Tenggara Barat,28752
2022,5301,Kupang,Nusa Tenggara Timur,22733
2022,5302,Timor Tengah Selatan,Nusa Tenggara Timur,18836
2022,5303,Timor Tengah Utara,Nusa Tenggara Timur,16822
2022,5304,Belu,Nusa Tenggara Timur,22251
2022,5305,Alor,Nusa Tenggara Timur,15425
2022,5306,Flores Timur,Nusa Tenggara Timur,19903
2022,5307,Sikka,Nusa Tenggara Timur,17259
2022,5308,Ende,Nusa Tenggara Timur,24630
2022,5309,Ngada,Nusa Tenggara Timur,22549
2022,5310,Manggarai,Nusa Tenggara Timur,15780
2022,5311,Sumba Timur,Nusa Tenggara Timur,27133
2022,5312,Sumba Barat,Nusa Tenggara Timur,17245
2022,5313,Lembata,Nusa Tenggara Timur,14492
2022,5314,Rote Ndao,Nusa Tenggara Timur,23654
2022,5315,Manggarai Barat,Nusa Tenggara Timur,14621
2022,5316,Nagekeo,Nusa Tenggara Timur,15189
2022,5317,Sumba Tengah,Nusa Tenggara Timur,14698
2022,5318,Sumba Barat Daya,Nusa Tenggara Timur,13242
2022,5319,Manggarai Timur,Nusa Tenggara Timur,12789
2022,5320,Sabu Raijua,Nusa Tenggara Timur,16824
2022,5321,Malaka,Nusa Tenggara Timur,16681
2022,5371,Kota Kupang,Nusa Tenggara Timur,57199
2022,6101,Sambas,Kalimantan Barat,38028
2022,6102,Mempawah,Kalimantan Barat,32239
2022,6103,Sanggau,Kalimantan Barat,47955
2022,6104,Ketapang,Kalimantan Barat,58662
2022,6105,Sintang,Kalimantan Barat,40098
2022,6106,Kapuas Hulu,Kalimantan Barat,47056
2022,6107,Bengkayang,Kalimantan Barat,35051
2022,6108,Landak,Kalimantan Barat,31314
2022,6109,Sekadau,Kalimantan Barat,36355
2022,6110,Melawi,Kalimantan Barat,26209
2022,6111,Kayong Utara,Kalimantan Barat,38140
2022,6112,Kubu Raya,Kalimantan Barat,56227
2022,6171,Kota Pontianak,Kalimantan Barat,66164
2022,6172,Kota Singkawang,Kalimantan Barat,49229
2022,6201,Kotawaringin Barat,Kalimantan Tengah,94967
2022,6202,Kotawaringin Timur,Kalimantan Tengah,76092
2022,6203,Kapuas,Kalimantan Tengah,54742
2022,6204,Barito Selatan,Kalimantan Tengah,60921
2022,6205,Barito Utara,Kalimantan Tengah,90184
2022,6206,Katingan,Kalimantan Tengah,59739
2022,6207,Seruyan,Kalimantan Tengah,64237
2022,6208,Sukamara,Kalimantan Tengah,83413
2022,6209,Lamandau,Kalimantan Tengah,72789
2022,6210,Gunung Mas,Kalimantan Tengah,58057
2022,6211,Pulang Pisau,Kalimantan Tengah,47232
2022,6212,Murung Raya,Kalimantan Tengah,113198
2022,6213,Barito Timur,Kalimantan Tengah,94494
2022,6271,Kota Palangkaraya,Kalimantan Tengah,72839
2022,6301,Tanah Laut,Kalimantan Selatan,53319
2022,6302,Kotabaru,Kalimantan Selatan,99498
2022,6303,Banjar,Kalimantan Selatan,36189
2022,6304,Barito Kuala,Kalimantan Selatan,30692
2022,6305,Tapin,Kalimantan Selatan,65826
2022,6306,Hulu Sungai Selatan,Kalimantan Selatan,36208
2022,6307,Hulu Sungai Tengah,Kalimantan Selatan,30152
2022,6308,Hulu Sungai Utara,Kalimantan Selatan,24459
2022,6309,Tabalong,Kalimantan Selatan,112270
2022,6310,Tanah Bumbu,Kalimantan Selatan,95160
2022,6311,Balangan,Kalimantan Selatan,148029
2022,6371,Kota Banjarmasin,Kalimantan Selatan,57991
2022,6372,Kota Banjarbaru,Kalimantan Selatan,44860
2022,6401,Paser,Kalimantan Timur,271259
2022,6402,Kutai Kartanegara,Kalimantan Timur,322082
2022,6403,Berau,Kalimantan Timur,236227
2022,6407,Kutai Barat,Kalimantan Timur,247400
2022,6408,Kutai Timur,Kalimantan Timur,471269
2022,6409,Penajam Paser Utara,Kalimantan Timur,69503
2022,6411,Mahakam Ulu,Kalimantan Timur,95117
2022,6471,Kota Balikpapan,Kalimantan Timur,181286
2022,6472,Kota Samarinda,Kalimantan Timur,98877
2022,6474,Kota Bontang,Kalimantan Timur,344148
2022,6501,Bulungan,Kalimantan Utara,156183
2022,6502,Malinau,Kalimantan Utara,211913
2022,6503,Nunukan,Kalimantan Utara,195654
2022,6504,Tana Tidung,Kalimantan Utara,330501
2022,6571,Kota Tarakan,Kalimantan Utara,190207
2022,7101,Bolaang Mongondow,Sulawesi Utara,38652
2022,7102,Minahasa,Sulawesi Utara,58154
2022,7103,Kepulauan Sangihe,Sulawesi Utara,37031
2022,7104,Kepulauan Talaud,Sulawesi Utara,27324
2022,7105,Minahasa Selatan,Sulawesi Utara,44092
2022,7106,Minahasa Utara,Sulawesi Utara,75210
2022,7107,Minahasa Tenggara,Sulawesi Utara,51984
2022,7108,Bolaang Mongondow Utara,Sulawesi Utara,35076
2022,7109,Kepulauan Siau Tagulandang Biaro,Sulawesi Utara,39214
2022,7110,Bolaang Mongondow Timur,Sulawesi Utara,39207
2022,7111,Bolaang Mongondow Selatan,Sulawesi Utara,35122
2022,7171,Kota Manado,Sulawesi Utara,96194
2022,7172,Kota Bitung,Sulawesi Utara,89704
2022,7173,Kota Tomohon,Sulawesi Utara,49266
2022,7174,Kota Kotamobagu,Sulawesi Utara,34939
2022,7201,Banggai,Sulawesi Tengah,110263
2022,7202,Poso,Sulawesi Tengah,43700
2022,7203,Donggala,Sulawesi Tengah,45101
2022,7204,Toli-Toli,Sulawesi Tengah,42263
2022,7205,Buol,Sulawesi Tengah,45153
2022,7206,Morowali,Sulawesi Tengah,876421
2022,7207,Banggai Kepulauan,Sulawesi Tengah,37376
2022,7208,Parigi Moutong,Sulawesi Tengah,44628
2022,7209,Tojo Una Una,Sulawesi Tengah,38143
2022,7210,Sigi,Sulawesi Tengah,40254
2022,7211,Banggai Laut,Sulawesi Tengah,38854
2022,7212,Morowali Utara,Sulawesi Tengah,169774
2022,7271,Kota Palu,Sulawesi Tengah,74372
2022,7301,Kepulauan Selayar,Sulawesi Selatan,53563
2022,7302,Bulukumba,Sulawesi Selatan,38656
2022,7303,Bantaeng,Sulawesi Selatan,60565
2022,7304,Jeneponto,Sulawesi Selatan,28739
2022,7305,Takalar,Sulawesi Selatan,39728
2022,7306,Gowa,Sulawesi Selatan,32496
2022,7307,Sinjai,Sulawesi Selatan,51131
2022,7308,Bone,Sulawesi Selatan,53481
2022,7309,Maros,Sulawesi Selatan,58546
2022,7310,Pangkajene dan Kepulauan,Sulawesi Selatan,86582
2022,7311,Barru,Sulawesi Selatan,47560
2022,7312,Soppeng,Sulawesi Selatan,57953
2022,7313,Wajo,Sulawesi Selatan,63431
2022,7314,Sidenreng Rappang,Sulawesi Selatan,51372
2022,7315,Pinrang,Sulawesi Selatan,57408
2022,7316,Enrekang,Sulawesi Selatan,39050
2022,7317,Luwu,Sulawesi Selatan,53380
2022,7318,Tana Toraja,Sulawesi Selatan,30572
2022,7322,Luwu Utara,Sulawesi Selatan,48655
2022,7324,Luwu Timur,Sulawesi Selatan,93364
2022,7326,Toraja Utara,Sulawesi Selatan,42069
2022,7371,Kota Makassar,Sulawesi Selatan,144604
2022,7372,Kota Parepare,Sulawesi Selatan,55783
2022,7373,Kota Palopo,Sulawesi Selatan,51453
2022,7401,Kolaka,Sulawesi Tenggara,129185
2022,7402,Konawe,Sulawesi Tenggara,53862
2022,7403,Muna,Sulawesi Tenggara,37319
2022,7404,Buton,Sulawesi Tenggara,38779
2022,7405,Konawe Selatan,Sulawesi Tenggara,45662
2022,7406,Bombana,Sulawesi Tenggara,50030
2022,7407,Wakatobi,Sulawesi Tenggara,45725
2022,7408,Kolaka Utara,Sulawesi Tenggara,70717
2022,7409,Konawe Utara,Sulawesi Tenggara,67898
2022,7410,Buton Utara,Sulawesi Tenggara,55830
2022,7411,Kolaka Timur,Sulawesi Tenggara,42536
2022,7412,Konawe Kepulauan,Sulawesi Tenggara,41227
2022,7413,Muna Barat,Sulawesi Tenggara,35048
2022,7414,Buton Tengah,Sulawesi Tenggara,23754
2022,7415,Buton Selatan,Sulawesi Tenggara,33836
2022,7471,Kota Kendari,Sulawesi Tenggara,73972
2022,7472,Kota Bau Bau,Sulawesi Tenggara,65425
2022,7501,Gorontalo,Gorontalo,37136
2022,7502,Boalemo,Gorontalo,40940
2022,7503,Bone Bolango,Gorontalo,31720
2022,7504,Pohuwato,Gorontalo,50291
2022,7505,Gorontalo Utara,Gorontalo,29976
2022,7571,Kota Gorontalo,Gorontalo,48089
2022,7601,Pasangkayu,Sulawesi Barat,67488
2022,7602,Mamuju,Sulawesi Barat,46537
2022,7603,Mamasa,Sulawesi Barat,19606
2022,7604,Polewali Mandar,Sulawesi Barat,30332
2022,7605,Majene,Sulawesi Barat,30974
2022,7606,Mamuju Tengah,Sulawesi Barat,27266
2022,8101,Maluku Tengah,Maluku,23154
2022,8102,Maluku Tenggara,Maluku,30598
2022,8103,Kepulauan Tanimbar,Maluku,24851
2022,8104,Buru,Maluku,19985
2022,8105,Seram Bagian Timur,Maluku,25530
2022,8106,Seram Bagian Barat,Maluku,15995
2022,8107,Kepulauan Aru,Maluku,38309
2022,8108,Maluku Barat Daya,Maluku,26874
2022,8109,Buru Selatan,Maluku,20917
2022,8171,Kota Ambon,Maluku,48359
2022,8172,Kota Tual,Maluku,32185
2022,8201,Halmahera Barat,Maluku Utara,18828
2022,8202,Halmahera Tengah,Maluku Utara,359993
2022,8203,Halmahera Utara,Maluku Utara,32069
2022,8204,Halmahera Selatan,Maluku Utara,55856
2022,8205,Kepulauan Sula,Maluku Utara,26880
2022,8206,Halmahera Timur,Maluku Utara,44192
2022,8207,Pulau Morotai,Maluku Utara,22893
2022,8208,Pulau Taliabu,Maluku Utara,31470
2022,8271,Kota Ternate,Maluku Utara,58568
2022,8272,Kota Tidore Kepulauan,Maluku Utara,28091
2022,9103,Jayapura,Papua,107440
2022,9105,Kepulauan Yapen,Papua,40365
2022,9106,Biak Numfor,Papua,42607
2022,9110,Sarmi,Papua,78434
2022,9111,Keerom,Papua,51026
2022,9115,Waropen,Papua,66364
2022,9119,Supiori,Papua,48542
2022,9120,Mamberamo Raya,Papua,52101
2022,9171,Kota Jayapura,Papua,86470
2022,9202,Manokwari,Papua Barat,51359
2022,9203,Fak Fak,Papua Barat,63832
2022,9206,Teluk Bintuni,Papua Barat,392066
2022,9207,Teluk Wondama,Papua Barat,37975
2022,9208,Kaimana,Papua Barat,42601
2022,9211,Manokwari Selatan,Papua Barat,23886
2022,9212,Pegunungan Arfak,Papua Barat,7026
2022,9301,Merauke,Papua Selatan,–
2022,9302,Boven Digoel,Papua Selatan,–
2022,9303,Mappi,Papua Selatan,–
2022,9304,Asmat,Papua Selatan,–
2022,9401,Nabire,Papua Tengah,–
2022,9402,Puncak Jaya,Papua Tengah,–
2022,9403,Paniai,Papua Tengah,–
2022,9404,Mimika,Papua Tengah,–
2022,9405,Puncak,Papua Tengah,–
2022,9406,Dogiyai,Papua Tengah,–
2022,9407,Intan Jaya,Papua Tengah,–
2022,9408,Deiyai,Papua Tengah,–
2022,9501,Jayawijaya,Papua Pegunungan,–
2022,9502,Pegunungan Bintang,Papua Pegunungan,–
2022,9503,Yahukimo,Papua Pegunungan,–
2022,9504,Tolikara,Papua Pegunungan,–
2022,9505,Mamberamo Tengah,Papua Pegunungan,–
2022,9506,Yalimo,Papua Pegunungan,–
2022,9507,Lanny Jaya,Papua Pegunungan,–
2022,9508,Nduga,Papua Pegunungan,–
2022,9601,Sorong,Papua Barat Daya,–
2022,9602,Sorong Selatan,Papua Barat Daya,–
2022,9603,Raja Ampat,Papua Barat Daya,–
2022,9604,Tambrauw,Papua Barat Daya,–
2022,9605,Maybrat,Papua Barat Daya,–
2022,9671,Kota Sorong,Papua Barat Daya,–
2023,1101,Aceh Selatan,Aceh,29078
2023,1102,Aceh Tenggara,Aceh,27104
2023,1103,Aceh Timur,Aceh,31505
2023,1104,Aceh Tengah,Aceh,43973
2023,1105,Aceh Barat,Aceh,66280
2023,1106,Aceh Besar,Aceh,40410
2023,1107,Pidie,Aceh,30105
2023,1108,Aceh Utara,Aceh,45411
2023,1109,Simeulue,Aceh,30222
2023,1110,Aceh Singkil,Aceh,24030
2023,1111,Bireuen,Aceh,37570
2023,1112,Aceh Barat Daya,Aceh,31625
2023,1113,Gayo Lues,Aceh,31808
2023,1114,Aceh Jaya,Aceh,34554
2023,1115,Nagan Raya,Aceh,68090
2023,1116,Aceh Tamiang,Aceh,35151
2023,1117,Bener Meriah,Aceh,35569
2023,1118,Pidie Jaya,Aceh,26461
2023,1171,Kota Banda Aceh,Aceh,90749
2023,1172,Kota Sabang,Aceh,40732
2023,1173,Kota Lhokseumawe,Aceh,56597
2023,1174,Kota Langsa,Aceh,35194
2023,1175,Kota Subulussalam,Aceh,26428
2023,1201,Tapanuli Tengah,Sumatera Utara,32649
2023,1202,Tapanuli Utara,Sumatera Utara,32466
2023,1203,Tapanuli Selatan,Sumatera Utara,60394
2023,1204,Nias,Sumatera Utara,31614
2023,1205,Langkat,Sumatera Utara,52677
2023,1206,Karo,Sumatera Utara,62759
2023,1207,Deli Serdang,Sumatera Utara,68923
2023,1208,Simalungun,Sumatera Utara,50428
2023,1209,Asahan,Sumatera Utara,63898
2023,1210,Labuhanbatu,Sumatera Utara,89062
2023,1211,Dairi,Sumatera Utara,35878
2023,1212,Toba,Sumatera Utara,45154
2023,1213,Mandailing Natal,Sumatera Utara,36868
2023,1214,Nias Selatan,Sumatera Utara,22416
2023,1215,Pakpak Bharat,Sumatera Utara,28271
2023,1216,Humbang Hasundutan,Sumatera Utara,37396
2023,1217,Samosir,Sumatera Utara,40017
2023,1218,Serdang Bedagai,Sumatera Utara,54961
2023,1219,Batu Bara,Sumatera Utara,101676
2023,1220,Padang Lawas Utara,Sumatera Utara,57442
2023,1221,Padang Lawas,Sumatera Utara,58506
2023,1222,Labuhanbatu Selatan,Sumatera Utara,113617
2023,1223,Labuhanbatu Utara,Sumatera Utara,82792
2023,1224,Nias Utara,Sumatera Utara,28728
2023,1225,Nias Barat,Sumatera Utara,24509
2023,1271,Kota Medan,Sumatera Utara,122592
2023,1272,Kota Pematangsiantar,Sumatera Utara,59046
2023,1273,Kota Sibolga,Sumatera Utara,74736
2023,1274,Kota Tanjungbalai,Sumatera Utara,61197
2023,1275,Kota Binjai,Sumatera Utara,47679
2023,1276,Kota Tebing Tinggi,Sumatera Utara,41519
2023,1277,Kota Padangsidimpuan,Sumatera Utara,33566
2023,1278,Kota Gunungsitoli,Sumatera Utara,48460
2023,1301,Pesisir Selatan,Sumatera Barat,34216
2023,1302,Solok,Sumatera Barat,42584
2023,1303,Sijunjung,Sumatera Barat,48172
2023,1304,Tanah Datar,Sumatera Barat,43131
2023,1305,Padang Pariaman,Sumatera Barat,55715
2023,1306,Agam,Sumatera Barat,47495
2023,1307,Lima Puluh Kota,Sumatera Barat,49456
2023,1308,Pasaman,Sumatera Barat,36141
2023,1309,Kepulauan Mentawai,Sumatera Barat,64784
2023,1310,Dharmasraya,Sumatera Barat,55653
2023,1311,Solok Selatan,Sumatera Barat,36917
2023,1312,Pasaman Barat,Sumatera Barat,43338
2023,1371,Kota Padang,Sumatera Barat,84376
2023,1372,Kota Solok,Sumatera Barat,67819
2023,1373,Kota Sawahlunto,Sumatera Barat,71834
2023,1374,Kota Padang Panjang,Sumatera Barat,77304
2023,1375,Kota Bukittinggi,Sumatera Barat,90281
2023,1376,Kota Payakumbuh,Sumatera Barat,61663
2023,1377,Kota Pariaman,Sumatera Barat,66250
2023,1401,Kampar,Riau,121395
2023,1402,Indragiri Hulu,Riau,122197
2023,1403,Bengkalis,Riau,288308
2023,1404,Indragiri Hilir,Riau,129260
2023,1405,Pelalawan,Riau,172617
2023,1406,Rokan Hulu,Riau,89129
2023,1407,Rokan Hilir,Riau,144751
2023,1408,Siak,Riau,230416
2023,1409,Kuantan Singingi,Riau,137874
2023,1410,Kepulauan Meranti,Riau,120914
2023,1471,Kota Pekanbaru,Riau,157385
2023,1472,Kota Dumai,Riau,149083
2023,1501,Kerinci,Jambi,52556
2023,1502,Merangin,Jambi,61164
2023,1503,Sarolangun,Jambi,71440
2023,1504,Batanghari,Jambi,81296
2023,1505,Muaro Jambi,Jambi,85682
2023,1506,Tanjung Jabung Barat,Jambi,154096
2023,1507,Tanjung Jabung Timur,Jambi,108822
2023,1508,Bungo,Jambi,69888
2023,1509,Tebo,Jambi,59843
2023,1571,Kota Jambi,Jambi,64639
2023,1572,Kota Sungai Penuh,Jambi,94924
2023,1601,Ogan Komering Ulu,Sumatera Selatan,50034
2023,1602,Ogan Komering Ilir,Sumatera Selatan,53880
2023,1603,Muara Enim,Sumatera Selatan,187001
2023,1604,Lahat,Sumatera Selatan,65825
2023,1605,Musi Rawas,Sumatera Selatan,57706
2023,1606,Musi Banyuasin,Sumatera Selatan,132950
2023,1607,Banyuasin,Sumatera Selatan,43052
2023,1608,Ogan Komering Ulu Timur,Sumatera Selatan,29138
2023,1609,Ogan Komering Ulu Selatan,Sumatera Selatan,26145
2023,1610,Ogan Ilir,Sumatera Selatan,33033
2023,1611,Empat Lawang,Sumatera Selatan,18364
2023,1612,Penukal Abab Lematang Ilir,Sumatera Selatan,43019
2023,1613,Musi Rawas Utara,Sumatera Selatan,46270
2023,1671,Kota Palembang,Sumatera Selatan,114025
2023,1672,Kota Pagar Alam,Sumatera Selatan,23612
2023,1673,Kota Lubuk Linggau,Sumatera Selatan,33887
2023,1674,Kota Prabumulih,Sumatera Selatan,49006
2023,1701,Bengkulu Selatan,Bengkulu,41998
2023,1702,Rejang Lebong,Bengkulu,41648
2023,1703,Bengkulu Utara,Bengkulu,40731
2023,1704,Kaur,Bengkulu,34699
2023,1705,Seluma,Bengkulu,26824
2023,1706,Mukomuko,Bengkulu,34204
2023,1707,Lebong,Bengkulu,37691
2023,1708,Kepahiang,Bengkulu,36311
2023,1709,Bengkulu Tengah,Bengkulu,55021
2023,1771,Kota Bengkulu,Bengkulu,78778
2023,1801,Lampung Selatan,Lampung,50674
2023,1802,Lampung Tengah,Lampung,59708
2023,1803,Lampung Utara,Lampung,44752
2023,1804,Lampung Barat,Lampung,28855
2023,1805,Tulang Bawang,Lampung,63390
2023,1806,Tanggamus,Lampung,29595
2023,1807,Lampung Timur,Lampung,46273
2023,1808,Way Kanan,Lampung,35886
2023,1809,Pesawaran,Lampung,40904
2023,1810,Pringsewu,Lampung,33389
2023,1811,Mesuji,Lampung,54421
2023,1812,Tulang Bawang Barat,Lampung,48702
2023,1813,Pesisir Barat,Lampung,33783
2023,1871,Kota Bandar Lampung,Lampung,61970
2023,1872,Kota Metro,Lampung,45237
2023,1901,Bangka,Bangka Belitung,57065
2023,1902,Belitung,Bangka Belitung,71365
2023,1903,Bangka Selatan,Bangka Belitung,55005
2023,1904,Bangka Tengah,Bangka Belitung,54978
2023,1905,Bangka Barat,Bangka Belitung,83190
2023,1906,Belitung Timur,Bangka Belitung,80364
2023,1971,Kota Pangkal Pinang,Bangka Belitung,82866
2023,2101,Bintan,Kepulauan Riau,165561
2023,2102,Karimun,Kepulauan Riau,65299
2023,2103,Natuna,Kepulauan Riau,278008
2023,2104,Lingga,Kepulauan Riau,51964
2023,2105,Kepulauan Anambas,Kepulauan Riau,391952
2023,2171,Kota Batam,Kepulauan Riau,171968
2023,2172,Kota Tanjung Pinang,Kepulauan Riau,100210
2023,3101,Kepulauan Seribu,DKI Jakarta,287934
2023,3171,Kota Jakarta Pusat,DKI Jakarta,818954
2023,3172,Kota Jakarta Utara,DKI Jakarta,348918
2023,3173,Kota Jakarta Barat,DKI Jakarta,236959
2023,3174,Kota Jakarta Selatan,DKI Jakarta,354295
2023,3175,Kota Jakarta Timur,DKI Jakarta,192429
2023,3201,Bogor,Jawa Barat,51378
2023,3202,Sukabumi,Jawa Barat,29374
2023,3203,Cianjur,Jawa Barat,22826
2023,3204,Bandung,Jawa Barat,41372
2023,3205,Garut,Jawa Barat,26914
2023,3206,Tasikmalaya,Jawa Barat,24172
2023,3207,Ciamis,Jawa Barat,31834
2023,3208,Kuningan,Jawa Barat,27081
2023,3209,Cirebon,Jawa Barat,25974
2023,3210,Majalengka,Jawa Barat,31138
2023,3211,Sumedang,Jawa Barat,36773
2023,3212,Indramayu,Jawa Barat,54669
2023,3213,Subang,Jawa Barat,30120
2023,3214,Purwakarta,Jawa Barat,79194
2023,3215,Karawang,Jawa Barat,115169
2023,3216,Bekasi,Jawa Barat,121647
2023,3217,Bandung Barat,Jawa Barat,30622
2023,3218,Pangandaran,Jawa Barat,33042
2023,3271,Kota Bogor,Jawa Barat,53239
2023,3272,Kota Sukabumi,Jawa Barat,42562
2023,3273,Kota Bandung,Jawa Barat,140144
2023,3274,Kota Cirebon,Jawa Barat,84135
2023,3275,Kota Bekasi,Jawa Barat,45281
2023,3276,Kota Depok,Jawa Barat,40817
2023,3277,Kota Cimahi,Jawa Barat,68552
2023,3278,Kota Tasikmalaya,Jawa Barat,36955
2023,3279,Kota Banjar,Jawa Barat,25278
2023,3301,Cilacap,Jawa Tengah,65976
2023,3302,Banyumas,Jawa Tengah,37609
2023,3303,Purbalingga,Jawa Tengah,30380
2023,3304,Banjarnegara,Jawa Tengah,25972
2023,3305,Kebumen,Jawa Tengah,25602
2023,3306,Purworejo,Jawa Tengah,29416
2023,3307,Wonosobo,Jawa Tengah,25646
2023,3308,Magelang,Jawa Tengah,30551
2023,3309,Boyolali,Jawa Tengah,39184
2023,3310,Klaten,Jawa Tengah,39902
2023,3311,Sukoharjo,Jawa Tengah,49834
2023,3312,Wonogiri,Jawa Tengah,35164
2023,3313,Karanganyar,Jawa Tengah,49366
2023,3314,Sragen,Jawa Tengah,48677
2023,3315,Grobogan,Jawa Tengah,23284
2023,3316,Blora,Jawa Tengah,35191
2023,3317,Rembang,Jawa Tengah,36546
2023,3318,Pati,Jawa Tengah,40281
2023,3319,Kudus,Jawa Tengah,138746
2023,3320,Jepara,Jawa Tengah,31152
2023,3321,Demak,Jawa Tengah,26615
2023,3322,Semarang,Jawa Tengah,56706
2023,3323,Temanggung,Jawa Tengah,33267
2023,3324,Kendal,Jawa Tengah,51628
2023,3325,Batang,Jawa Tengah,33635
2023,3326,Pekalongan,Jawa Tengah,27960
2023,3327,Pemalang,Jawa Tengah,21228
2023,3328,Tegal,Jawa Tengah,26852
2023,3329,Brebes,Jawa Tengah,28147
2023,3371,Kota Magelang,Jawa Tengah,89955
2023,3372,Kota Surakarta,Jawa Tengah,114885
2023,3373,Kota Salatiga,Jawa Tengah,84307
2023,3374,Kota Semarang,Jawa Tengah,146839
2023,3375,Kota Pekalongan,Jawa Tengah,43265
2023,3376,Kota Tegal,Jawa Tengah,67764
2023,3401,Kulon Progo,DI Yogyakarta,35755
2023,3402,Bantul,DI Yogyakarta,33694
2023,3403,Gunungkidul,DI Yogyakarta,33259
2023,3404,Sleman,DI Yogyakarta,51339
2023,3471,Kota Yogyakarta,DI Yogyakarta,122954
2023,3501,Pacitan,Jawa Timur,33149
2023,3502,Ponorogo,Jawa Timur,26314
2023,3503,Trenggalek,Jawa Timur,30681
2023,3504,Tulungagung,Jawa Timur,43297
2023,3505,Blitar,Jawa Timur,35812
2023,3506,Kediri,Jawa Timur,30193
2023,3507,Malang,Jawa Timur,47272
2023,3508,Lumajang,Jawa Timur,35178
2023,3509,Jember,Jawa Timur,36837
2023,3510,Banyuwangi,Jawa Timur,58086
2023,3511,Bondowoso,Jawa Timur,31432
2023,3512,Situbondo,Jawa Timur,36190
2023,3513,Probolinggo,Jawa Timur,36006
2023,3514,Pasuruan,Jawa Timur,113683
2023,3515,Sidoarjo,Jawa Timur,127382
2023,3516,Mojokerto,Jawa Timur,91112
2023,3517,Jombang,Jawa Timur,36991
2023,3518,Nganjuk,Jawa Timur,29917
2023,3519,Madiun,Jawa Timur,31588
2023,3520,Magetan,Jawa Timur,33627
2023,3521,Ngawi,Jawa Timur,27619
2023,3522,Bojonegoro,Jawa Timur,74242
2023,3523,Tuban,Jawa Timur,67176
2023,3524,Lamongan,Jawa Timur,35726
2023,3525,Gresik,Jawa Timur,130527
2023,3526,Bangkalan,Jawa Timur,25408
2023,3527,Sampang,Jawa Timur,23978
2023,3528,Pamekasan,Jawa Timur,23842
2023,3529,Sumenep,Jawa Timur,37474
2023,3571,Kota Kediri,Jawa Timur,541068
2023,3572,Kota Blitar,Jawa Timur,55523
2023,3573,Kota Malang,Jawa Timur,107542
2023,3574,Kota Probolinggo,Jawa Timur,57885
2023,3575,Kota Pasuruan,Jawa Timur,48058
2023,3576,Kota Mojokerto,Jawa Timur,59061
2023,3577,Kota Madiun,Jawa Timur,86285
2023,3578,Kota Surabaya,Jawa Timur,245685
2023,3579,Kota Batu,Jawa Timur,93214
2023,3601,Pandeglang,Banten,25913
2023,3602,Lebak,Banten,24810
2023,3603,Tangerang,Banten,51538
2023,3604,Serang,Banten,56523
2023,3671,Kota Tangerang,Banten,105916
2023,3672,Kota Cilegon,Banten,287524
2023,3673,Kota Serang,Banten,55040
2023,3674,Kota Tangerang Selatan,Banten,75010
2023,5101,Jembrana,Bali,48270
2023,5102,Tabanan,Bali,54774
2023,5103,Badung,Bali,121414
2023,5104,Gianyar,Bali,58259
2023,5105,Klungkung,Bali,48260
2023,5106,Bangli,Bali,30256
2023,5107,Karangasem,Bali,37953
2023,5108,Buleleng,Bali,47413
2023,5171,Kota Denpasar,Bali,80305
2023,5201,Lombok Barat,Nusa Tenggara Barat,24045
2023,5202,Lombok Tengah,Nusa Tenggara Barat,19501
2023,5203,Lombok Timur,Nusa Tenggara Barat,17664
2023,5204,Sumbawa,Nusa Tenggara Barat,33071
2023,5205,Dompu,Nusa Tenggara Barat,34430
2023,5206,Bima,Nusa Tenggara Barat,26043
2023,5207,Sumbawa Barat,Nusa Tenggara Barat,193802
2023,5208,Lombok Utara,Nusa Tenggara Barat,21557
2023,5271,Kota Mataram,Nusa Tenggara Barat,51640
2023,5272,Kota Bima,Nusa Tenggara Barat,30901
2023,5301,Kupang,Nusa Tenggara Timur,24436
2023,5302,Timor Tengah Selatan,Nusa Tenggara Timur,19993
2023,5303,Timor Tengah Utara,Nusa Tenggara Timur,17778
2023,5304,Belu,Nusa Tenggara Timur,23732
2023,5305,Alor,Nusa Tenggara Timur,16416
2023,5306,Flores Timur,Nusa Tenggara Timur,21046
2023,5307,Sikka,Nusa Tenggara Timur,18474
2023,5308,Ende,Nusa Tenggara Timur,26491
2023,5309,Ngada,Nusa Tenggara Timur,23957
2023,5310,Manggarai,Nusa Tenggara Timur,16724
2023,5311,Sumba Timur,Nusa Tenggara Timur,28733
2023,5312,Sumba Barat,Nusa Tenggara Timur,18279
2023,5313,Lembata,Nusa Tenggara Timur,15228
2023,5314,Rote Ndao,Nusa Tenggara Timur,24793
2023,5315,Manggarai Barat,Nusa Tenggara Timur,15712
2023,5316,Nagekeo,Nusa Tenggara Timur,16061
2023,5317,Sumba Tengah,Nusa Tenggara Timur,15354
2023,5318,Sumba Barat Daya,Nusa Tenggara Timur,13982
2023,5319,Manggarai Timur,Nusa Tenggara Timur,13516
2023,5320,Sabu Raijua,Nusa Tenggara Timur,17445
2023,5321,Malaka,Nusa Tenggara Timur,17919
2023,5371,Kota Kupang,Nusa Tenggara Timur,61257
2023,6101,Sambas,Kalimantan Barat,40404
2023,6102,Mempawah,Kalimantan Barat,35408
2023,6103,Sanggau,Kalimantan Barat,48675
2023,6104,Ketapang,Kalimantan Barat,59490
2023,6105,Sintang,Kalimantan Barat,42434
2023,6106,Kapuas Hulu,Kalimantan Barat,50092
2023,6107,Bengkayang,Kalimantan Barat,37281
2023,6108,Landak,Kalimantan Barat,33087
2023,6109,Sekadau,Kalimantan Barat,38714
2023,6110,Melawi,Kalimantan Barat,27743
2023,6111,Kayong Utara,Kalimantan Barat,40464
2023,6112,Kubu Raya,Kalimantan Barat,59892
2023,6171,Kota Pontianak,Kalimantan Barat,70892
2023,6172,Kota Singkawang,Kalimantan Barat,52412
2023,6201,Kotawaringin Barat,Kalimantan Tengah,102068
2023,6202,Kotawaringin Timur,Kalimantan Tengah,78842
2023,6203,Kapuas,Kalimantan Tengah,56351
2023,6204,Barito Selatan,Kalimantan Tengah,62765
2023,6205,Barito Utara,Kalimantan Tengah,88282
2023,6206,Katingan,Kalimantan Tengah,63496
2023,6207,Seruyan,Kalimantan Tengah,66898
2023,6208,Sukamara,Kalimantan Tengah,88878
2023,6209,Lamandau,Kalimantan Tengah,73637
2023,6210,Gunung Mas,Kalimantan Tengah,60349
2023,6211,Pulang Pisau,Kalimantan Tengah,50626
2023,6212,Murung Raya,Kalimantan Tengah,106748
2023,6213,Barito Timur,Kalimantan Tengah,92864
2023,6271,Kota Palangkaraya,Kalimantan Tengah,79038
2023,6301,Tanah Laut,Kalimantan Selatan,55872
2023,6302,Kotabaru,Kalimantan Selatan,103069
2023,6303,Banjar,Kalimantan Selatan,38265
2023,6304,Barito Kuala,Kalimantan Selatan,32389
2023,6305,Tapin,Kalimantan Selatan,69702
2023,6306,Hulu Sungai Selatan,Kalimantan Selatan,38839
2023,6307,Hulu Sungai Tengah,Kalimantan Selatan,32285
2023,6308,Hulu Sungai Utara,Kalimantan Selatan,26132
2023,6309,Tabalong,Kalimantan Selatan,117748
2023,6310,Tanah Bumbu,Kalimantan Selatan,99813
2023,6311,Balangan,Kalimantan Selatan,153372
2023,6371,Kota Banjarmasin,Kalimantan Selatan,63095
2023,6372,Kota Banjarbaru,Kalimantan Selatan,49712
2023,6401,Paser,Kalimantan Timur,208429
2023,6402,Kutai Kartanegara,Kalimantan Timur,270713
2023,6403,Berau,Kalimantan Timur,198534
2023,6407,Kutai Barat,Kalimantan Timur,222078
2023,6408,Kutai Timur,Kalimantan Timur,369418
2023,6409,Penajam Paser Utara,Kalimantan Timur,87062
2023,6411,Mahakam Ulu,Kalimantan Timur,100944
2023,6471,Kota Balikpapan,Kalimantan Timur,201637
2023,6472,Kota Samarinda,Kalimantan Timur,104969
2023,6474,Kota Bontang,Kalimantan Timur,366463
2023,6501,Bulungan,Kalimantan Utara,162192
2023,6502,Malinau,Kalimantan Utara,218442
2023,6503,Nunukan,Kalimantan Utara,204595
2023,6504,Tana Tidung,Kalimantan Utara,337976
2023,6571,Kota Tarakan,Kalimantan Utara,208143
2023,7101,Bolaang Mongondow,Sulawesi Utara,41312
2023,7102,Minahasa,Sulawesi Utara,62878
2023,7103,Kepulauan Sangihe,Sulawesi Utara,39831
2023,7104,Kepulauan Talaud,Sulawesi Utara,29213
2023,7105,Minahasa Selatan,Sulawesi Utara,48049
2023,7106,Minahasa Utara,Sulawesi Utara,80975
2023,7107,Minahasa Tenggara,Sulawesi Utara,56305
2023,7108,Bolaang Mongondow Utara,Sulawesi Utara,37891
2023,7109,Kepulauan Siau Tagulandang Biaro,Sulawesi Utara,42430
2023,7110,Bolaang Mongondow Timur,Sulawesi Utara,41772
2023,7111,Bolaang Mongondow Selatan,Sulawesi Utara,37825
2023,7171,Kota Manado,Sulawesi Utara,105882
2023,7172,Kota Bitung,Sulawesi Utara,97545
2023,7173,Kota Tomohon,Sulawesi Utara,52853
2023,7174,Kota Kotamobagu,Sulawesi Utara,37576
2023,7201,Banggai,Sulawesi Tengah,101843
2023,7202,Poso,Sulawesi Tengah,46538
2023,7203,Donggala,Sulawesi Tengah,48834
2023,7204,Toli-Toli,Sulawesi Tengah,44749
2023,7205,Buol,Sulawesi Tengah,47736
2023,7206,Morowali,Sulawesi Tengah,927244
2023,7207,Banggai Kepulauan,Sulawesi Tengah,39937
2023,7208,Parigi Moutong,Sulawesi Tengah,47645
2023,7209,Tojo Una Una,Sulawesi Tengah,40319
2023,7210,Sigi,Sulawesi Tengah,42649
2023,7211,Banggai Laut,Sulawesi Tengah,41303
2023,7212,Morowali Utara,Sulawesi Tengah,209710
2023,7271,Kota Palu,Sulawesi Tengah,79452
2023,7301,Kepulauan Selayar,Sulawesi Selatan,56569
2023,7302,Bulukumba,Sulawesi Selatan,41904
2023,7303,Bantaeng,Sulawesi Selatan,62783
2023,7304,Jeneponto,Sulawesi Selatan,29318
2023,7305,Takalar,Sulawesi Selatan,41138
2023,7306,Gowa,Sulawesi Selatan,35517
2023,7307,Sinjai,Sulawesi Selatan,55286
2023,7308,Bone,Sulawesi Selatan,57024
2023,7309,Maros,Sulawesi Selatan,64691
2023,7310,Pangkajene dan Kepulauan,Sulawesi Selatan,91862
2023,7311,Barru,Sulawesi Selatan,49966
2023,7312,Soppeng,Sulawesi Selatan,62581
2023,7313,Wajo,Sulawesi Selatan,63612
2023,7314,Sidenreng Rappang,Sulawesi Selatan,55514
2023,7315,Pinrang,Sulawesi Selatan,59967
2023,7316,Enrekang,Sulawesi Selatan,41149
2023,7317,Luwu,Sulawesi Selatan,57358
2023,7318,Tana Toraja,Sulawesi Selatan,32382
2023,7322,Luwu Utara,Sulawesi Selatan,53450
2023,7324,Luwu Timur,Sulawesi Selatan,99490
2023,7326,Toraja Utara,Sulawesi Selatan,45028
2023,7371,Kota Makassar,Sulawesi Selatan,155952
2023,7372,Kota Parepare,Sulawesi Selatan,58776
2023,7373,Kota Palopo,Sulawesi Selatan,54470
2023,7401,Kolaka,Sulawesi Tenggara,145097
2023,7402,Konawe,Sulawesi Tenggara,67881
2023,7403,Muna,Sulawesi Tenggara,39227
2023,7404,Buton,Sulawesi Tenggara,42115
2023,7405,Konawe Selatan,Sulawesi Tenggara,50812
2023,7406,Bombana,Sulawesi Tenggara,54123
2023,7407,Wakatobi,Sulawesi Tenggara,49534
2023,7408,Kolaka Utara,Sulawesi Tenggara,77085
2023,7409,Konawe Utara,Sulawesi Tenggara,72796
2023,7410,Buton Utara,Sulawesi Tenggara,58724
2023,7411,Kolaka Timur,Sulawesi Tenggara,44726
2023,7412,Konawe Kepulauan,Sulawesi Tenggara,44040
2023,7413,Muna Barat,Sulawesi Tenggara,37935
2023,7414,Buton Tengah,Sulawesi Tenggara,25330
2023,7415,Buton Selatan,Sulawesi Tenggara,36084
2023,7471,Kota Kendari,Sulawesi Tenggara,77591
2023,7472,Kota Bau Bau,Sulawesi Tenggara,69346
2023,7501,Gorontalo,Gorontalo,39696
2023,7502,Boalemo,Gorontalo,43517
2023,7503,Bone Bolango,Gorontalo,33809
2023,7504,Pohuwato,Gorontalo,53444
2023,7505,Gorontalo Utara,Gorontalo,31723
2023,7571,Kota Gorontalo,Gorontalo,51309
2023,7601,Pasangkayu,Sulawesi Barat,72242
2023,7602,Mamuju,Sulawesi Barat,49258
2023,7603,Mamasa,Sulawesi Barat,20490
2023,7604,Polewali Mandar,Sulawesi Barat,32298
2023,7605,Majene,Sulawesi Barat,32909
2023,7606,Mamuju Tengah,Sulawesi Barat,28531
2023,8101,Maluku Tengah,Maluku,24680
2023,8102,Maluku Tenggara,Maluku,32893
2023,8103,Kepulauan Tanimbar,Maluku,26366
2023,8104,Buru,Maluku,21201
2023,8105,Seram Bagian Timur,Maluku,24233
2023,8106,Seram Bagian Barat,Maluku,17031
2023,8107,Kepulauan Aru,Maluku,41319
2023,8108,Maluku Barat Daya,Maluku,33433
2023,8109,Buru Selatan,Maluku,22229
2023,8171,Kota Ambon,Maluku,51568
2023,8172,Kota Tual,Maluku,34994
2023,8201,Halmahera Barat,Maluku Utara,19677
2023,8202,Halmahera Tengah,Maluku Utara,479057
2023,8203,Halmahera Utara,Maluku Utara,32904
2023,8204,Halmahera Selatan,Maluku Utara,69904
2023,8205,Kepulauan Sula,Maluku Utara,28330
2023,8206,Halmahera Timur,Maluku Utara,54984
2023,8207,Pulau Morotai,Maluku Utara,23752
2023,8208,Pulau Taliabu,Maluku Utara,32049
2023,8271,Kota Ternate,Maluku Utara,64160
2023,8272,Kota Tidore Kepulauan,Maluku Utara,29199
2023,9103,Jayapura,Papua,111937
2023,9105,Kepulauan Yapen,Papua,42464
2023,9106,Biak Numfor,Papua,45065
2023,9110,Sarmi,Papua,83467
2023,9111,Keerom,Papua,53337
2023,9115,Waropen,Papua,65591
2023,9119,Supiori,Papua,48805
2023,9120,Mamberamo Raya,Papua,55479
2023,9171,Kota Jayapura,Papua,91451
2023,9202,Manokwari,Papua Barat,52757
2023,9203,Fak Fak,Papua Barat,65475
2023,9206,Teluk Bintuni,Papua Barat,438847
2023,9207,Teluk Wondama,Papua Barat,39290
2023,9208,Kaimana,Papua Barat,44506
2023,9211,Manokwari Selatan,Papua Barat,24372
2023,9212,Pegunungan Arfak,Papua Barat,7583
2023,9301,Merauke,Papua Selatan,80469
2023,9302,Boven Digoel,Papua Selatan,79055
2023,9303,Mappi,Papua Selatan,31849
2023,9304,Asmat,Papua Selatan,27316
2023,9401,Nabire,Papua Tengah,77708
2023,9402,Puncak Jaya,Papua Tengah,6464
2023,9403,Paniai,Papua Tengah,21552
2023,9404,Mimika,Papua Tengah,391756
2023,9405,Puncak,Papua Tengah,13774
2023,9406,Dogiyai,Papua Tengah,12512
2023,9407,Intan Jaya,Papua Tengah,9915
2023,9408,Deiyai,Papua Tengah,15907
2023,9501,Jayawijaya,Papua Pegunungan,36504
2023,9502,Pegunungan Bintang,Papua Pegunungan,28924
2023,9503,Yahukimo,Papua Pegunungan,7900
2023,9504,Tolikara,Papua Pegunungan,8223
2023,9505,Mamberamo Tengah,Papua Pegunungan,26632
2023,9506,Yalimo,Papua Pegunungan,14606
2023,9507,Lanny Jaya,Papua Pegunungan,11309
2023,9508,Nduga,Papua Pegunungan,13531
2023,9601,Sorong,Papua Barat Daya,98547
2023,9602,Sorong Selatan,Papua Barat Daya,40752
2023,9603,Raja Ampat,Papua Barat Daya,60653
2023,9604,Tambrauw,Papua Barat Daya,8906
2023,9605,Maybrat,Papua Barat Daya,17569
2023,9671,Kota Sorong,Papua Barat Daya,57043
2024,1101,Aceh Selatan,Aceh,30853
2024,1102,Aceh Tenggara,Aceh,28742
2024,1103,Aceh Timur,Aceh,33666
2024,1104,Aceh Tengah,Aceh,47284
2024,1105,Aceh Barat,Aceh,67938
2024,1106,Aceh Besar,Aceh,42993
2024,1107,Pidie,Aceh,32150
2024,1108,Aceh Utara,Aceh,47628
2024,1109,Simeulue,Aceh,31944
2024,1110,Aceh Singkil,Aceh,25361
2024,1111,Bireuen,Aceh,40039
2024,1112,Aceh Barat Daya,Aceh,33721
2024,1113,Gayo Lues,Aceh,33552
2024,1114,Aceh Jaya,Aceh,36357
2024,1115,Nagan Raya,Aceh,70463
2024,1116,Aceh Tamiang,Aceh,37412
2024,1117,Bener Meriah,Aceh,37903
2024,1118,Pidie Jaya,Aceh,28383
2024,1171,Kota Banda Aceh,Aceh,98201
2024,1172,Kota Sabang,Aceh,42813
2024,1173,Kota Lhokseumawe,Aceh,59122
2024,1174,Kota Langsa,Aceh,37006
2024,1175,Kota Subulussalam,Aceh,27880
2024,1201,Tapanuli Tengah,Sumatera Utara,34619
2024,1202,Tapanuli Utara,Sumatera Utara,34494
2024,1203,Tapanuli Selatan,Sumatera Utara,67227
2024,1204,Nias,Sumatera Utara,34085
2024,1205,Langkat,Sumatera Utara,57859
2024,1206,Karo,Sumatera Utara,67690
2024,1207,Deli Serdang,Sumatera Utara,73934
2024,1208,Simalungun,Sumatera Utara,56003
2024,1209,Asahan,Sumatera Utara,70611
2024,1210,Labuhanbatu,Sumatera Utara,97593
2024,1211,Dairi,Sumatera Utara,38398
2024,1212,Toba,Sumatera Utara,47455
2024,1213,Mandailing Natal,Sumatera Utara,40129
2024,1214,Nias Selatan,Sumatera Utara,23409
2024,1215,Pakpak Bharat,Sumatera Utara,30576
2024,1216,Humbang Hasundutan,Sumatera Utara,39949
2024,1217,Samosir,Sumatera Utara,42639
2024,1218,Serdang Bedagai,Sumatera Utara,60743
2024,1219,Batu Bara,Sumatera Utara,108189
2024,1220,Padang Lawas Utara,Sumatera Utara,63548
2024,1221,Padang Lawas,Sumatera Utara,65288
2024,1222,Labuhanbatu Selatan,Sumatera Utara,124517
2024,1223,Labuhanbatu Utara,Sumatera Utara,89497
2024,1224,Nias Utara,Sumatera Utara,30190
2024,1225,Nias Barat,Sumatera Utara,26031
2024,1271,Kota Medan,Sumatera Utara,132571
2024,1272,Kota Pematangsiantar,Sumatera Utara,62629
2024,1273,Kota Sibolga,Sumatera Utara,78494
2024,1274,Kota Tanjungbalai,Sumatera Utara,65758
2024,1275,Kota Binjai,Sumatera Utara,50750
2024,1276,Kota Tebing Tinggi,Sumatera Utara,43514
2024,1277,Kota Padangsidimpuan,Sumatera Utara,35727
2024,1278,Kota Gunungsitoli,Sumatera Utara,50415
2024,1301,Pesisir Selatan,Sumatera Barat,35865
2024,1302,Solok,Sumatera Barat,44727
2024,1303,Sijunjung,Sumatera Barat,50993
2024,1304,Tanah Datar,Sumatera Barat,45268
2024,1305,Padang Pariaman,Sumatera Barat,58687
2024,1306,Agam,Sumatera Barat,49994
2024,1307,Lima Puluh Kota,Sumatera Barat,52107
2024,1308,Pasaman,Sumatera Barat,38136
2024,1309,Kepulauan Mentawai,Sumatera Barat,67574
2024,1310,Dharmasraya,Sumatera Barat,58908
2024,1311,Solok Selatan,Sumatera Barat,39130
2024,1312,Pasaman Barat,Sumatera Barat,46114
2024,1371,Kota Padang,Sumatera Barat,88030
2024,1372,Kota Solok,Sumatera Barat,70365
2024,1373,Kota Sawahlunto,Sumatera Barat,74768
2024,1374,Kota Padang Panjang,Sumatera Barat,81129
2024,1375,Kota Bukittinggi,Sumatera Barat,94538
2024,1376,Kota Payakumbuh,Sumatera Barat,63820
2024,1377,Kota Pariaman,Sumatera Barat,69308
2024,1401,Kampar,Riau,130105
2024,1402,Indragiri Hulu,Riau,129125
2024,1403,Bengkalis,Riau,296914
2024,1404,Indragiri Hilir,Riau,138693
2024,1405,Pelalawan,Riau,187221
2024,1406,Rokan Hulu,Riau,95447
2024,1407,Rokan Hilir,Riau,152221
2024,1408,Siak,Riau,250381
2024,1409,Kuantan Singingi,Riau,148878
2024,1410,Kepulauan Meranti,Riau,128527
2024,1471,Kota Pekanbaru,Riau,166856
2024,1472,Kota Dumai,Riau,158148
2024,1501,Kerinci,Jambi,57303
2024,1502,Merangin,Jambi,68413
2024,1503,Sarolangun,Jambi,74686
2024,1504,Batanghari,Jambi,83038
2024,1505,Muaro Jambi,Jambi,95236
2024,1506,Tanjung Jabung Barat,Jambi,167518
2024,1507,Tanjung Jabung Timur,Jambi,117591
2024,1508,Bungo,Jambi,71624
2024,1509,Tebo,Jambi,64162
2024,1571,Kota Jambi,Jambi,69033
2024,1572,Kota Sungai Penuh,Jambi,102060
2024,1601,Ogan Komering Ulu,Sumatera Selatan,53428
2024,1602,Ogan Komering Ilir,Sumatera Selatan,57799
2024,1603,Muara Enim,Sumatera Selatan,182108
2024,1604,Lahat,Sumatera Selatan,66582
2024,1605,Musi Rawas,Sumatera Selatan,61857
2024,1606,Musi Banyuasin,Sumatera Selatan,142138
2024,1607,Banyuasin,Sumatera Selatan,44734
2024,1608,Ogan Komering Ulu Timur,Sumatera Selatan,31504
2024,1609,Ogan Komering Ulu Selatan,Sumatera Selatan,27724
2024,1610,Ogan Ilir,Sumatera Selatan,35023
2024,1611,Empat Lawang,Sumatera Selatan,19448
2024,1612,Penukal Abab Lematang Ilir,Sumatera Selatan,45701
2024,1613,Musi Rawas Utara,Sumatera Selatan,48869
2024,1671,Kota Palembang,Sumatera Selatan,121154
2024,1672,Kota Pagar Alam,Sumatera Selatan,25543
2024,1673,Kota Lubuk Linggau,Sumatera Selatan,35432
2024,1674,Kota Prabumulih,Sumatera Selatan,51808
2024,1701,Bengkulu Selatan,Bengkulu,45375
2024,1702,Rejang Lebong,Bengkulu,45238
2024,1703,Bengkulu Utara,Bengkulu,41214
2024,1704,Kaur,Bengkulu,37416
2024,1705,Seluma,Bengkulu,29171
2024,1706,Mukomuko,Bengkulu,37513
2024,1707,Lebong,Bengkulu,40991
2024,1708,Kepahiang,Bengkulu,40072
2024,1709,Bengkulu Tengah,Bengkulu,55284
2024,1771,Kota Bengkulu,Bengkulu,83430
2024,1801,Lampung Selatan,Lampung,53891
2024,1802,Lampung Tengah,Lampung,63663
2024,1803,Lampung Utara,Lampung,48212
2024,1804,Lampung Barat,Lampung,31347
2024,1805,Tulang Bawang,Lampung,67726
2024,1806,Tanggamus,Lampung,31621
2024,1807,Lampung Timur,Lampung,49275
2024,1808,Way Kanan,Lampung,38655
2024,1809,Pesawaran,Lampung,43308
2024,1810,Pringsewu,Lampung,35552
2024,1811,Mesuji,Lampung,58582
2024,1812,Tulang Bawang Barat,Lampung,52209
2024,1813,Pesisir Barat,Lampung,35637
2024,1871,Kota Bandar Lampung,Lampung,65744
2024,1872,Kota Metro,Lampung,48264
2024,1901,Bangka,Bangka Belitung,58572
2024,1902,Belitung,Bangka Belitung,73795
2024,1903,Bangka Selatan,Bangka Belitung,57693
2024,1904,Bangka Tengah,Bangka Belitung,56083
2024,1905,Bangka Barat,Bangka Belitung,91214
2024,1906,Belitung Timur,Bangka Belitung,82598
2024,1971,Kota Pangkal Pinang,Bangka Belitung,82198
2024,2101,Bintan,Kepulauan Riau,180544
2024,2102,Karimun,Kepulauan Riau,69608
2024,2103,Natuna,Kepulauan Riau,264903
2024,2104,Lingga,Kepulauan Riau,54936
2024,2105,Kepulauan Anambas,Kepulauan Riau,362072
2024,2171,Kota Batam,Kepulauan Riau,182507
2024,2172,Kota Tanjung Pinang,Kepulauan Riau,105384
2024,3101,Kepulauan Seribu,DKI Jakarta,281243
2024,3171,Kota Jakarta Pusat,DKI Jakarta,882895
2024,3172,Kota Jakarta Utara,DKI Jakarta,368953
2024,3173,Kota Jakarta Barat,DKI Jakarta,253093
2024,3174,Kota Jakarta Selatan,DKI Jakarta,381118
2024,3175,Kota Jakarta Timur,DKI Jakarta,204503
2024,3201,Bogor,Jawa Barat,54859
2024,3202,Sukabumi,Jawa Barat,31167
2024,3203,Cianjur,Jawa Barat,24914
2024,3204,Bandung,Jawa Barat,44126
2024,3205,Garut,Jawa Barat,29012
2024,3206,Tasikmalaya,Jawa Barat,25916
2024,3207,Ciamis,Jawa Barat,34336
2024,3208,Kuningan,Jawa Barat,29273
2024,3209,Cirebon,Jawa Barat,28140
2024,3210,Majalengka,Jawa Barat,34234
2024,3211,Sumedang,Jawa Barat,39699
2024,3212,Indramayu,Jawa Barat,55166
2024,3213,Subang,Jawa Barat,33037
2024,3214,Purwakarta,Jawa Barat,84024
2024,3215,Karawang,Jawa Barat,121298
2024,3216,Bekasi,Jawa Barat,128693
2024,3217,Bandung Barat,Jawa Barat,32500
2024,3218,Pangandaran,Jawa Barat,35647
2024,3271,Kota Bogor,Jawa Barat,56616
2024,3272,Kota Sukabumi,Jawa Barat,44760
2024,3273,Kota Bandung,Jawa Barat,147081
2024,3274,Kota Cirebon,Jawa Barat,88560
2024,3275,Kota Bekasi,Jawa Barat,48922
2024,3276,Kota Depok,Jawa Barat,43515
2024,3277,Kota Cimahi,Jawa Barat,72528
2024,3278,Kota Tasikmalaya,Jawa Barat,39445
2024,3279,Kota Banjar,Jawa Barat,26451
2024,3301,Cilacap,Jawa Tengah,67203
2024,3302,Banyumas,Jawa Tengah,40236
2024,3303,Purbalingga,Jawa Tengah,32232
2024,3304,Banjarnegara,Jawa Tengah,27685
2024,3305,Kebumen,Jawa Tengah,27304
2024,3306,Purworejo,Jawa Tengah,31224
2024,3307,Wonosobo,Jawa Tengah,27206
2024,3308,Magelang,Jawa Tengah,32600
2024,3309,Boyolali,Jawa Tengah,41699
2024,3310,Klaten,Jawa Tengah,42732
2024,3311,Sukoharjo,Jawa Tengah,53022
2024,3312,Wonogiri,Jawa Tengah,37816
2024,3313,Karanganyar,Jawa Tengah,53148
2024,3314,Sragen,Jawa Tengah,52175
2024,3315,Grobogan,Jawa Tengah,24908
2024,3316,Blora,Jawa Tengah,36598
2024,3317,Rembang,Jawa Tengah,38792
2024,3318,Pati,Jawa Tengah,43092
2024,3319,Kudus,Jawa Tengah,145620
2024,3320,Jepara,Jawa Tengah,32894
2024,3321,Demak,Jawa Tengah,28313
2024,3322,Semarang,Jawa Tengah,60274
2024,3323,Temanggung,Jawa Tengah,35500
2024,3324,Kendal,Jawa Tengah,55273
2024,3325,Batang,Jawa Tengah,36295
2024,3326,Pekalongan,Jawa Tengah,29786
2024,3327,Pemalang,Jawa Tengah,22652
2024,3328,Tegal,Jawa Tengah,28556
2024,3329,Brebes,Jawa Tengah,30040
2024,3371,Kota Magelang,Jawa Tengah,96594
2024,3372,Kota Surakarta,Jawa Tengah,122512
2024,3373,Kota Salatiga,Jawa Tengah,89833
2024,3374,Kota Semarang,Jawa Tengah,156607
2024,3375,Kota Pekalongan,Jawa Tengah,45988
2024,3376,Kota Tegal,Jawa Tengah,72289
2024,3401,Kulon Progo,DI Yogyakarta,37987
2024,3402,Bantul,DI Yogyakarta,35829
2024,3403,Gunungkidul,DI Yogyakarta,35504
2024,3404,Sleman,DI Yogyakarta,54503
2024,3471,Kota Yogyakarta,DI Yogyakarta,131433
2024,3501,Pacitan,Jawa Timur,35096
2024,3502,Ponorogo,Jawa Timur,28088
2024,3503,Trenggalek,Jawa Timur,32726
2024,3504,Tulungagung,Jawa Timur,46009
2024,3505,Blitar,Jawa Timur,37811
2024,3506,Kediri,Jawa Timur,32339
2024,3507,Malang,Jawa Timur,50593
2024,3508,Lumajang,Jawa Timur,37579
2024,3509,Jember,Jawa Timur,39464
2024,3510,Banyuwangi,Jawa Timur,62086
2024,3511,Bondowoso,Jawa Timur,33501
2024,3512,Situbondo,Jawa Timur,38677
2024,3513,Probolinggo,Jawa Timur,38537
2024,3514,Pasuruan,Jawa Timur,121689
2024,3515,Sidoarjo,Jawa Timur,136721
2024,3516,Mojokerto,Jawa Timur,98011
2024,3517,Jombang,Jawa Timur,39553
2024,3518,Nganjuk,Jawa Timur,32047
2024,3519,Madiun,Jawa Timur,33712
2024,3520,Magetan,Jawa Timur,35853
2024,3521,Ngawi,Jawa Timur,29347
2024,3522,Bojonegoro,Jawa Timur,76808
2024,3523,Tuban,Jawa Timur,71099
2024,3524,Lamongan,Jawa Timur,37788
2024,3525,Gresik,Jawa Timur,138271
2024,3526,Bangkalan,Jawa Timur,26066
2024,3527,Sampang,Jawa Timur,24484
2024,3528,Pamekasan,Jawa Timur,25424
2024,3529,Sumenep,Jawa Timur,39215
2024,3571,Kota Kediri,Jawa Timur,565841
2024,3572,Kota Blitar,Jawa Timur,59326
2024,3573,Kota Malang,Jawa Timur,114722
2024,3574,Kota Probolinggo,Jawa Timur,61614
2024,3575,Kota Pasuruan,Jawa Timur,51087
2024,3576,Kota Mojokerto,Jawa Timur,62684
2024,3577,Kota Madiun,Jawa Timur,92449
2024,3578,Kota Surabaya,Jawa Timur,264372
2024,3579,Kota Batu,Jawa Timur,99487
2024,3601,Pandeglang,Banten,27078
2024,3602,Lebak,Banten,25967
2024,3603,Tangerang,Banten,54729
2024,3604,Serang,Banten,60007
2024,3671,Kota Tangerang,Banten,114458
2024,3672,Kota Cilegon,Banten,302862
2024,3673,Kota Serang,Banten,58498
2024,3674,Kota Tangerang Selatan,Banten,80182
2024,5101,Jembrana,Bali,51730
2024,5102,Tabanan,Bali,59123
2024,5103,Badung,Bali,132027
2024,5104,Gianyar,Bali,62693
2024,5105,Klungkung,Bali,52628
2024,5106,Bangli,Bali,32275
2024,5107,Karangasem,Bali,40233
2024,5108,Buleleng,Bali,50796
2024,5171,Kota Denpasar,Bali,86425
2024,5201,Lombok Barat,Nusa Tenggara Barat,25044
2024,5202,Lombok Tengah,Nusa Tenggara Barat,20368
2024,5203,Lombok Timur,Nusa Tenggara Barat,18588
2024,5204,Sumbawa,Nusa Tenggara Barat,34509
2024,5205,Dompu,Nusa Tenggara Barat,36120
2024,5206,Bima,Nusa Tenggara Barat,27153
2024,5207,Sumbawa Barat,Nusa Tenggara Barat,235091
2024,5208,Lombok Utara,Nusa Tenggara Barat,22874
2024,5271,Kota Mataram,Nusa Tenggara Barat,54382
2024,5272,Kota Bima,Nusa Tenggara Barat,32479
2024,5301,Kupang,Nusa Tenggara Timur,26499
2024,5302,Timor Tengah Selatan,Nusa Tenggara Timur,21219
2024,5303,Timor Tengah Utara,Nusa Tenggara Timur,18738
2024,5304,Belu,Nusa Tenggara Timur,25170
2024,5305,Alor,Nusa Tenggara Timur,17723
2024,5306,Flores Timur,Nusa Tenggara Timur,22048
2024,5307,Sikka,Nusa Tenggara Timur,19873
2024,5308,Ende,Nusa Tenggara Timur,28061
2024,5309,Ngada,Nusa Tenggara Timur,25689
2024,5310,Manggarai,Nusa Tenggara Timur,17709
2024,5311,Sumba Timur,Nusa Tenggara Timur,30114
2024,5312,Sumba Barat,Nusa Tenggara Timur,19400
2024,5313,Lembata,Nusa Tenggara Timur,15975
2024,5314,Rote Ndao,Nusa Tenggara Timur,25603
2024,5315,Manggarai Barat,Nusa Tenggara Timur,16663
2024,5316,Nagekeo,Nusa Tenggara Timur,17038
2024,5317,Sumba Tengah,Nusa Tenggara Timur,16536
2024,5318,Sumba Barat Daya,Nusa Tenggara Timur,14890
2024,5319,Manggarai Timur,Nusa Tenggara Timur,14367
2024,5320,Sabu Raijua,Nusa Tenggara Timur,18699
2024,5321,Malaka,Nusa Tenggara Timur,19482
2024,5371,Kota Kupang,Nusa Tenggara Timur,65003
2024,6101,Sambas,Kalimantan Barat,43614
2024,6102,Mempawah,Kalimantan Barat,39506
2024,6103,Sanggau,Kalimantan Barat,51965
2024,6104,Ketapang,Kalimantan Barat,65207
2024,6105,Sintang,Kalimantan Barat,46169
2024,6106,Kapuas Hulu,Kalimantan Barat,53963
2024,6107,Bengkayang,Kalimantan Barat,40333
2024,6108,Landak,Kalimantan Barat,35713
2024,6109,Sekadau,Kalimantan Barat,42389
2024,6110,Melawi,Kalimantan Barat,29739
2024,6111,Kayong Utara,Kalimantan Barat,43166
2024,6112,Kubu Raya,Kalimantan Barat,64206
2024,6171,Kota Pontianak,Kalimantan Barat,75420
2024,6172,Kota Singkawang,Kalimantan Barat,56062
2024,6201,Kotawaringin Barat,Kalimantan Tengah,110324
2024,6202,Kotawaringin Timur,Kalimantan Tengah,84747
2024,6203,Kapuas,Kalimantan Tengah,58512
2024,6204,Barito Selatan,Kalimantan Tengah,65217
2024,6205,Barito Utara,Kalimantan Tengah,86347
2024,6206,Katingan,Kalimantan Tengah,67913
2024,6207,Seruyan,Kalimantan Tengah,72204
2024,6208,Sukamara,Kalimantan Tengah,95798
2024,6209,Lamandau,Kalimantan Tengah,79697
2024,6210,Gunung Mas,Kalimantan Tengah,67075
2024,6211,Pulang Pisau,Kalimantan Tengah,54850
2024,6212,Murung Raya,Kalimantan Tengah,99914
2024,6213,Barito Timur,Kalimantan Tengah,91576
2024,6271,Kota Palangkaraya,Kalimantan Tengah,84614
2024,6301,Tanah Laut,Kalimantan Selatan,58233
2024,6302,Kotabaru,Kalimantan Selatan,108005
2024,6303,Banjar,Kalimantan Selatan,40027
2024,6304,Barito Kuala,Kalimantan Selatan,34290
2024,6305,Tapin,Kalimantan Selatan,72420
2024,6306,Hulu Sungai Selatan,Kalimantan Selatan,41450
2024,6307,Hulu Sungai Tengah,Kalimantan Selatan,34849
2024,6308,Hulu Sungai Utara,Kalimantan Selatan,27910
2024,6309,Tabalong,Kalimantan Selatan,122313
2024,6310,Tanah Bumbu,Kalimantan Selatan,104302
2024,6311,Balangan,Kalimantan Selatan,157579
2024,6371,Kota Banjarmasin,Kalimantan Selatan,68285
2024,6372,Kota Banjarbaru,Kalimantan Selatan,53088
2024,6401,Paser,Kalimantan Timur,193171
2024,6402,Kutai Kartanegara,Kalimantan Timur,259188
2024,6403,Berau,Kalimantan Timur,194080
2024,6407,Kutai Barat,Kalimantan Timur,222048
2024,6408,Kutai Timur,Kalimantan Timur,344492
2024,6409,Penajam Paser Utara,Kalimantan Timur,87148
2024,6411,Mahakam Ulu,Kalimantan Timur,110202
2024,6471,Kota Balikpapan,Kalimantan Timur,214111
2024,6472,Kota Samarinda,Kalimantan Timur,114693
2024,6474,Kota Bontang,Kalimantan Timur,363369
2024,6501,Bulungan,Kalimantan Utara,160813
2024,6502,Malinau,Kalimantan Utara,209057
2024,6503,Nunukan,Kalimantan Utara,192001
2024,6504,Tana Tidung,Kalimantan Utara,335175
2024,6571,Kota Tarakan,Kalimantan Utara,221044
2024,7101,Bolaang Mongondow,Sulawesi Utara,44737
2024,7102,Minahasa,Sulawesi Utara,68017
2024,7103,Kepulauan Sangihe,Sulawesi Utara,43187
2024,7104,Kepulauan Talaud,Sulawesi Utara,31516
2024,7105,Minahasa Selatan,Sulawesi Utara,52242
2024,7106,Minahasa Utara,Sulawesi Utara,87299
2024,7107,Minahasa Tenggara,Sulawesi Utara,61067
2024,7108,Bolaang Mongondow Utara,Sulawesi Utara,40645
2024,7109,Kepulauan Siau Tagulandang Biaro,Sulawesi Utara,45866
2024,7110,Bolaang Mongondow Timur,Sulawesi Utara,45221
2024,7111,Bolaang Mongondow Selatan,Sulawesi Utara,40801
2024,7171,Kota Manado,Sulawesi Utara,115143
2024,7172,Kota Bitung,Sulawesi Utara,105343
2024,7173,Kota Tomohon,Sulawesi Utara,56563
2024,7174,Kota Kotamobagu,Sulawesi Utara,40400
2024,7201,Banggai,Sulawesi Tengah,107883
2024,7202,Poso,Sulawesi Tengah,50139
2024,7203,Donggala,Sulawesi Tengah,53143
2024,7204,Toli-Toli,Sulawesi Tengah,47349
2024,7205,Buol,Sulawesi Tengah,51137
2024,7206,Morowali,Sulawesi Tengah,1003150
2024,7207,Banggai Kepulauan,Sulawesi Tengah,43165
2024,7208,Parigi Moutong,Sulawesi Tengah,51059
2024,7209,Tojo Una Una,Sulawesi Tengah,43054
2024,7210,Sigi,Sulawesi Tengah,46534
2024,7211,Banggai Laut,Sulawesi Tengah,43549
2024,7212,Morowali Utara,Sulawesi Tengah,236449
2024,7271,Kota Palu,Sulawesi Tengah,83868
2024,7301,Kepulauan Selayar,Sulawesi Selatan,58447
2024,7302,Bulukumba,Sulawesi Selatan,44477
2024,7303,Bantaeng,Sulawesi Selatan,65483
2024,7304,Jeneponto,Sulawesi Selatan,31168
2024,7305,Takalar,Sulawesi Selatan,42358
2024,7306,Gowa,Sulawesi Selatan,37773
2024,7307,Sinjai,Sulawesi Selatan,59071
2024,7308,Bone,Sulawesi Selatan,60261
2024,7309,Maros,Sulawesi Selatan,69210
2024,7310,Pangkajene dan Kepulauan,Sulawesi Selatan,96355
2024,7311,Barru,Sulawesi Selatan,52275
2024,7312,Soppeng,Sulawesi Selatan,67261
2024,7313,Wajo,Sulawesi Selatan,66711
2024,7314,Sidenreng Rappang,Sulawesi Selatan,59305
2024,7315,Pinrang,Sulawesi Selatan,62766
2024,7316,Enrekang,Sulawesi Selatan,44006
2024,7317,Luwu,Sulawesi Selatan,59728
2024,7318,Tana Toraja,Sulawesi Selatan,34739
2024,7322,Luwu Utara,Sulawesi Selatan,58310
2024,7324,Luwu Timur,Sulawesi Selatan,97202
2024,7326,Toraja Utara,Sulawesi Selatan,47726
2024,7371,Kota Makassar,Sulawesi Selatan,165959
2024,7372,Kota Parepare,Sulawesi Selatan,61969
2024,7373,Kota Palopo,Sulawesi Selatan,56647
2024,7401,Kolaka,Sulawesi Tenggara,153413
2024,7402,Konawe,Sulawesi Tenggara,75702
2024,7403,Muna,Sulawesi Tenggara,41623
2024,7404,Buton,Sulawesi Tenggara,43410
2024,7405,Konawe Selatan,Sulawesi Tenggara,53949
2024,7406,Bombana,Sulawesi Tenggara,56988
2024,7407,Wakatobi,Sulawesi Tenggara,51916
2024,7408,Kolaka Utara,Sulawesi Tenggara,82701
2024,7409,Konawe Utara,Sulawesi Tenggara,77302
2024,7410,Buton Utara,Sulawesi Tenggara,61238
2024,7411,Kolaka Timur,Sulawesi Tenggara,48117
2024,7412,Konawe Kepulauan,Sulawesi Tenggara,49696
2024,7413,Muna Barat,Sulawesi Tenggara,38933
2024,7414,Buton Tengah,Sulawesi Tenggara,26136
2024,7415,Buton Selatan,Sulawesi Tenggara,37815
2024,7471,Kota Kendari,Sulawesi Tenggara,80970
2024,7472,Kota Bau Bau,Sulawesi Tenggara,72416
2024,7501,Gorontalo,Gorontalo,41742
2024,7502,Boalemo,Gorontalo,45564
2024,7503,Bone Bolango,Gorontalo,35453
2024,7504,Pohuwato,Gorontalo,55804
2024,7505,Gorontalo Utara,Gorontalo,33248
2024,7571,Kota Gorontalo,Gorontalo,54117
2024,7601,Pasangkayu,Sulawesi Barat,76843
2024,7602,Mamuju,Sulawesi Barat,53961
2024,7603,Mamasa,Sulawesi Barat,21884
2024,7604,Polewali Mandar,Sulawesi Barat,35453
2024,7605,Majene,Sulawesi Barat,35320
2024,7606,Mamuju Tengah,Sulawesi Barat,31422
2024,8101,Maluku Tengah,Maluku,25983
2024,8102,Maluku Tenggara,Maluku,34920
2024,8103,Kepulauan Tanimbar,Maluku,27728
2024,8104,Buru,Maluku,22256
2024,8105,Seram Bagian Timur,Maluku,25034
2024,8106,Seram Bagian Barat,Maluku,18037
2024,8107,Kepulauan Aru,Maluku,43620
2024,8108,Maluku Barat Daya,Maluku,36666
2024,8109,Buru Selatan,Maluku,23340
2024,8171,Kota Ambon,Maluku,54699
2024,8172,Kota Tual,Maluku,36846
2024,8201,Halmahera Barat,Maluku Utara,21359
2024,8202,Halmahera Tengah,Maluku Utara,532124
2024,8203,Halmahera Utara,Maluku Utara,34521
2024,8204,Halmahera Selatan,Maluku Utara,83147
2024,8205,Kepulauan Sula,Maluku Utara,30966
2024,8206,Halmahera Timur,Maluku Utara,55568
2024,8207,Pulau Morotai,Maluku Utara,25434
2024,8208,Pulau Taliabu,Maluku Utara,34281
2024,8271,Kota Ternate,Maluku Utara,70890
2024,8272,Kota Tidore Kepulauan,Maluku Utara,32017
2024,9103,Jayapura,Papua,117896
2024,9105,Kepulauan Yapen,Papua,44479
2024,9106,Biak Numfor,Papua,46470
2024,9110,Sarmi,Papua,88756
2024,9111,Keerom,Papua,56367
2024,9115,Waropen,Papua,68452
2024,9119,Supiori,Papua,50794
2024,9120,Mamberamo Raya,Papua,58533
2024,9171,Kota Jayapura,Papua,94848
2024,9202,Manokwari,Papua Barat,55260
2024,9203,Fak Fak,Papua Barat,69984
2024,9206,Teluk Bintuni,Papua Barat,574984
2024,9207,Teluk Wondama,Papua Barat,40739
2024,9208,Kaimana,Papua Barat,46446
2024,9211,Manokwari Selatan,Papua Barat,26227
2024,9212,Pegunungan Arfak,Papua Barat,8662
2024,9301,Merauke,Papua Selatan,84338
2024,9302,Boven Digoel,Papua Selatan,83796
2024,9303,Mappi,Papua Selatan,33262
2024,9304,Asmat,Papua Selatan,28616
2024,9401,Nabire,Papua Tengah,85204
2024,9402,Puncak Jaya,Papua Tengah,7077
2024,9403,Paniai,Papua Tengah,22570
2024,9404,Mimika,Papua Tengah,446333
2024,9405,Puncak,Papua Tengah,14455
2024,9406,Dogiyai,Papua Tengah,13157
2024,9407,Intan Jaya,Papua Tengah,10187
2024,9408,Deiyai,Papua Tengah,16593
2024,9501,Jayawijaya,Papua Pegunungan,40727
2024,9502,Pegunungan Bintang,Papua Pegunungan,30334
2024,9503,Yahukimo,Papua Pegunungan,8478
2024,9504,Tolikara,Papua Pegunungan,8830
2024,9505,Mamberamo Tengah,Papua Pegunungan,28976
2024,9506,Yalimo,Papua Pegunungan,15773
2024,9507,Lanny Jaya,Papua Pegunungan,11955
2024,9508,Nduga,Papua Pegunungan,14377
2024,9601,Sorong,Papua Barat Daya,101149
2024,9602,Sorong Selatan,Papua Barat Daya,41485
2024,9603,Raja Ampat,Papua Barat Daya,58576
2024,9604,Tambrauw,Papua Barat Daya,9726
2024,9605,Maybrat,Papua Barat Daya,18161
2024,9671,Kota Sorong,Papua Barat Daya,57358
2025,1101,Aceh Selatan,Aceh,32867
2025,1102,Aceh Tenggara,Aceh,30391
2025,1103,Aceh Timur,Aceh,35007
2025,1104,Aceh Tengah,Aceh,50101
2025,1105,Aceh Barat,Aceh,71015
2025,1106,Aceh Besar,Aceh,45054
2025,1107,Pidie,Aceh,34056
2025,1108,Aceh Utara,Aceh,48218
2025,1109,Simeulue,Aceh,34332
2025,1110,Aceh Singkil,Aceh,27120
2025,1111,Bireuen,Aceh,42652
2025,1112,Aceh Barat Daya,Aceh,35876
2025,1113,Gayo Lues,Aceh,34968
2025,1114,Aceh Jaya,Aceh,38503
2025,1115,Nagan Raya,Aceh,74571
2025,1116,Aceh Tamiang,Aceh,38379
2025,1117,Bener Meriah,Aceh,40348
2025,1118,Pidie Jaya,Aceh,29752
2025,1171,Kota Banda Aceh,Aceh,104356
2025,1172,Kota Sabang,Aceh,44820
2025,1173,Kota Lhokseumawe,Aceh,62538
2025,1174,Kota Langsa,Aceh,38412
2025,1175,Kota Subulussalam,Aceh,29503
2025,1201,Tapanuli Tengah,Sumatera Utara,36137
2025,1202,Tapanuli Utara,Sumatera Utara,36426
2025,1203,Tapanuli Selatan,Sumatera Utara,73793
2025,1204,Nias,Sumatera Utara,35990
2025,1205,Langkat,Sumatera Utara,62527
2025,1206,Karo,Sumatera Utara,70508
2025,1207,Deli Serdang,Sumatera Utara,78077
2025,1208,Simalungun,Sumatera Utara,60712
2025,1209,Asahan,Sumatera Utara,76576
2025,1210,Labuhanbatu,Sumatera Utara,104032
2025,1211,Dairi,Sumatera Utara,40478
2025,1212,Toba,Sumatera Utara,49330
2025,1213,Mandailing Natal,Sumatera Utara,42926
2025,1214,Nias Selatan,Sumatera Utara,24242
2025,1215,Pakpak Bharat,Sumatera Utara,32695
2025,1216,Humbang Hasundutan,Sumatera Utara,42161
2025,1217,Samosir,Sumatera Utara,44948
2025,1218,Serdang Bedagai,Sumatera Utara,66022
2025,1219,Batu Bara,Sumatera Utara,115740
2025,1220,Padang Lawas Utara,Sumatera Utara,68393
2025,1221,Padang Lawas,Sumatera Utara,71948
2025,1222,Labuhanbatu Selatan,Sumatera Utara,134913
2025,1223,Labuhanbatu Utara,Sumatera Utara,95498
2025,1224,Nias Utara,Sumatera Utara,31766
2025,1225,Nias Barat,Sumatera Utara,26953
2025,1271,Kota Medan,Sumatera Utara,141412
2025,1272,Kota Pematangsiantar,Sumatera Utara,66086
2025,1273,Kota Sibolga,Sumatera Utara,82119
2025,1274,Kota Tanjungbalai,Sumatera Utara,69877
2025,1275,Kota Binjai,Sumatera Utara,53531
2025,1276,Kota Tebing Tinggi,Sumatera Utara,45172
2025,1277,Kota Padangsidimpuan,Sumatera Utara,37452
2025,1278,Kota Gunungsitoli,Sumatera Utara,51839
2025,1301,Pesisir Selatan,Sumatera Barat,37672
2025,1302,Solok,Sumatera Barat,46728
2025,1303,Sijunjung,Sumatera Barat,54192
2025,1304,Tanah Datar,Sumatera Barat,47033
2025,1305,Padang Pariaman,Sumatera Barat,59510
2025,1306,Agam,Sumatera Barat,52226
2025,1307,Lima Puluh Kota,Sumatera Barat,55424
2025,1308,Pasaman,Sumatera Barat,39977
2025,1309,Kepulauan Mentawai,Sumatera Barat,70078
2025,1310,Dharmasraya,Sumatera Barat,62070
2025,1311,Solok Selatan,Sumatera Barat,41091
2025,1312,Pasaman Barat,Sumatera Barat,49730
2025,1371,Kota Padang,Sumatera Barat,92210
2025,1372,Kota Solok,Sumatera Barat,72531
2025,1373,Kota Sawahlunto,Sumatera Barat,78072
2025,1374,Kota Padang Panjang,Sumatera Barat,84091
2025,1375,Kota Bukittinggi,Sumatera Barat,98634
2025,1376,Kota Payakumbuh,Sumatera Barat,66037
2025,1377,Kota Pariaman,Sumatera Barat,73255
2025,1401,Kampar,Riau,139238
2025,1402,Indragiri Hulu,Riau,138340
2025,1403,Bengkalis,Riau,292063
2025,1404,Indragiri Hilir,Riau,151246
2025,1405,Pelalawan,Riau,201842
2025,1406,Rokan Hulu,Riau,108513
2025,1407,Rokan Hilir,Riau,158403
2025,1408,Siak,Riau,268741
2025,1409,Kuantan Singingi,Riau,165729
2025,1410,Kepulauan Meranti,Riau,137262
2025,1471,Kota Pekanbaru,Riau,178023
2025,1472,Kota Dumai,Riau,171171
2025,1501,Kerinci,Jambi,61231
2025,1502,Merangin,Jambi,73667
2025,1503,Sarolangun,Jambi,79338
2025,1504,Batanghari,Jambi,89310
2025,1505,Muaro Jambi,Jambi,102140
2025,1506,Tanjung Jabung Barat,Jambi,182033
2025,1507,Tanjung Jabung Timur,Jambi,127737
2025,1508,Bungo,Jambi,75853
2025,1509,Tebo,Jambi,69024
2025,1571,Kota Jambi,Jambi,73339
2025,1572,Kota Sungai Penuh,Jambi,108706
2025,1601,Ogan Komering Ulu,Sumatera Selatan,57539
2025,1602,Ogan Komering Ilir,Sumatera Selatan,62413
2025,1603,Muara Enim,Sumatera Selatan,197853
2025,1604,Lahat,Sumatera Selatan,71122
2025,1605,Musi Rawas,Sumatera Selatan,65504
2025,1606,Musi Banyuasin,Sumatera Selatan,150064
2025,1607,Banyuasin,Sumatera Selatan,48766
2025,1608,Ogan Komering Ulu Timur,Sumatera Selatan,33145
2025,1609,Ogan Komering Ulu Selatan,Sumatera Selatan,29443
2025,1610,Ogan Ilir,Sumatera Selatan,37001
2025,1611,Empat Lawang,Sumatera Selatan,21151
2025,1612,Penukal Abab Lematang Ilir,Sumatera Selatan,49703
2025,1613,Musi Rawas Utara,Sumatera Selatan,50163
2025,1671,Kota Palembang,Sumatera Selatan,130917
2025,1672,Kota Pagar Alam,Sumatera Selatan,27708
2025,1673,Kota Lubuk Linggau,Sumatera Selatan,37690
2025,1674,Kota Prabumulih,Sumatera Selatan,55058
2025,1701,Bengkulu Selatan,Bengkulu,48580
2025,1702,Rejang Lebong,Bengkulu,48053
2025,1703,Bengkulu Utara,Bengkulu,43622
2025,1704,Kaur,Bengkulu,40155
2025,1705,Seluma,Bengkulu,31160
2025,1706,Mukomuko,Bengkulu,40606
2025,1707,Lebong,Bengkulu,43585
2025,1708,Kepahiang,Bengkulu,43404
2025,1709,Bengkulu Tengah,Bengkulu,57775
2025,1771,Kota Bengkulu,Bengkulu,88539
2025,1801,Lampung Selatan,Lampung,57931
2025,1802,Lampung Tengah,Lampung,68413
2025,1803,Lampung Utara,Lampung,51760
2025,1804,Lampung Barat,Lampung,33739
2025,1805,Tulang Bawang,Lampung,72989
2025,1806,Tanggamus,Lampung,33516
2025,1807,Lampung Timur,Lampung,52319
2025,1808,Way Kanan,Lampung,41733
2025,1809,Pesawaran,Lampung,46313
2025,1810,Pringsewu,Lampung,38197
2025,1811,Mesuji,Lampung,62954
2025,1812,Tulang Bawang Barat,Lampung,55874
2025,1813,Pesisir Barat,Lampung,38200
2025,1871,Kota Bandar Lampung,Lampung,70118
2025,1872,Kota Metro,Lampung,51741
2025,1901,Bangka,Bangka Belitung,63272
2025,1902,Belitung,Bangka Belitung,78751
2025,1903,Bangka Selatan,Bangka Belitung,61995
2025,1904,Bangka Tengah,Bangka Belitung,60591
2025,1905,Bangka Barat,Bangka Belitung,97858
2025,1906,Belitung Timur,Bangka Belitung,89142
2025,1971,Kota Pangkal Pinang,Bangka Belitung,87213
2025,2101,Bintan,Kepulauan Riau,193677
2025,2102,Karimun,Kepulauan Riau,74982
2025,2103,Natuna,Kepulauan Riau,281436
2025,2104,Lingga,Kepulauan Riau,57827
2025,2105,Kepulauan Anambas,Kepulauan Riau,399577
2025,2171,Kota Batam,Kepulauan Riau,195565
2025,2172,Kota Tanjung Pinang,Kepulauan Riau,111013
2025,3101,Kepulauan Seribu,DKI Jakarta,256168
2025,3171,Kota Jakarta Pusat,DKI Jakarta,949177
2025,3172,Kota Jakarta Utara,DKI Jakarta,392506
2025,3173,Kota Jakarta Barat,DKI Jakarta,269434
2025,3174,Kota Jakarta Selatan,DKI Jakarta,409066
2025,3175,Kota Jakarta Timur,DKI Jakarta,218523
2025,3201,Bogor,Jawa Barat,58788
2025,3202,Sukabumi,Jawa Barat,33442
2025,3203,Cianjur,Jawa Barat,26555
2025,3204,Bandung,Jawa Barat,47558
2025,3205,Garut,Jawa Barat,31287
2025,3206,Tasikmalaya,Jawa Barat,28081
2025,3207,Ciamis,Jawa Barat,36794
2025,3208,Kuningan,Jawa Barat,34235
2025,3209,Cirebon,Jawa Barat,30639
2025,3210,Majalengka,Jawa Barat,37079
2025,3211,Sumedang,Jawa Barat,42652
2025,3212,Indramayu,Jawa Barat,59333
2025,3213,Subang,Jawa Barat,34956
2025,3214,Purwakarta,Jawa Barat,89218
2025,3215,Karawang,Jawa Barat,130653
2025,3216,Bekasi,Jawa Barat,136696
2025,3217,Bandung Barat,Jawa Barat,34549
2025,3218,Pangandaran,Jawa Barat,38393
2025,3271,Kota Bogor,Jawa Barat,60701
2025,3272,Kota Sukabumi,Jawa Barat,47649
2025,3273,Kota Bandung,Jawa Barat,158495
2025,3274,Kota Cirebon,Jawa Barat,95182
2025,3275,Kota Bekasi,Jawa Barat,52514
2025,3276,Kota Depok,Jawa Barat,46686
2025,3277,Kota Cimahi,Jawa Barat,76989
2025,3278,Kota Tasikmalaya,Jawa Barat,42129
2025,3279,Kota Banjar,Jawa Barat,28051
2025,3301,Cilacap,Jawa Tengah,69736
2025,3302,Banyumas,Jawa Tengah,42784
2025,3303,Purbalingga,Jawa Tengah,34427
2025,3304,Banjarnegara,Jawa Tengah,29366
2025,3305,Kebumen,Jawa Tengah,28999
2025,3306,Purworejo,Jawa Tengah,33035
2025,3307,Wonosobo,Jawa Tengah,28721
2025,3308,Magelang,Jawa Tengah,34751
2025,3309,Boyolali,Jawa Tengah,44028
2025,3310,Klaten,Jawa Tengah,44917
2025,3311,Sukoharjo,Jawa Tengah,56279
2025,3312,Wonogiri,Jawa Tengah,40506
2025,3313,Karanganyar,Jawa Tengah,56882
2025,3314,Sragen,Jawa Tengah,55523
2025,3315,Grobogan,Jawa Tengah,26421
2025,3316,Blora,Jawa Tengah,38547
2025,3317,Rembang,Jawa Tengah,41352
2025,3318,Pati,Jawa Tengah,46043
2025,3319,Kudus,Jawa Tengah,148384
2025,3320,Jepara,Jawa Tengah,34918
2025,3321,Demak,Jawa Tengah,30654
2025,3322,Semarang,Jawa Tengah,64076
2025,3323,Temanggung,Jawa Tengah,38002
2025,3324,Kendal,Jawa Tengah,60002
2025,3325,Batang,Jawa Tengah,39390
2025,3326,Pekalongan,Jawa Tengah,31722
2025,3327,Pemalang,Jawa Tengah,24047
2025,3328,Tegal,Jawa Tengah,30348
2025,3329,Brebes,Jawa Tengah,31768
2025,3371,Kota Magelang,Jawa Tengah,103577
2025,3372,Kota Surakarta,Jawa Tengah,130017
2025,3373,Kota Salatiga,Jawa Tengah,95230
2025,3374,Kota Semarang,Jawa Tengah,167236
2025,3375,Kota Pekalongan,Jawa Tengah,48994
2025,3376,Kota Tegal,Jawa Tengah,77030
2025,3401,Kulon Progo,DI Yogyakarta,40069
2025,3402,Bantul,DI Yogyakarta,38187
2025,3403,Gunungkidul,DI Yogyakarta,38330
2025,3404,Sleman,DI Yogyakarta,58602
2025,3471,Kota Yogyakarta,DI Yogyakarta,140641
2025,3501,Pacitan,Jawa Timur,38215
2025,3502,Ponorogo,Jawa Timur,30007
2025,3503,Trenggalek,Jawa Timur,35110
2025,3504,Tulungagung,Jawa Timur,49485
2025,3505,Blitar,Jawa Timur,40200
2025,3506,Kediri,Jawa Timur,34496
2025,3507,Malang,Jawa Timur,54521
2025,3508,Lumajang,Jawa Timur,40349
2025,3509,Jember,Jawa Timur,42357
2025,3510,Banyuwangi,Jawa Timur,67081
2025,3511,Bondowoso,Jawa Timur,35872
2025,3512,Situbondo,Jawa Timur,41143
2025,3513,Probolinggo,Jawa Timur,41409
2025,3514,Pasuruan,Jawa Timur,131055
2025,3515,Sidoarjo,Jawa Timur,145529
2025,3516,Mojokerto,Jawa Timur,105452
2025,3517,Jombang,Jawa Timur,42359
2025,3518,Nganjuk,Jawa Timur,34314
2025,3519,Madiun,Jawa Timur,36116
2025,3520,Magetan,Jawa Timur,38264
2025,3521,Ngawi,Jawa Timur,31279
2025,3522,Bojonegoro,Jawa Timur,78894
2025,3523,Tuban,Jawa Timur,75150
2025,3524,Lamongan,Jawa Timur,40469
2025,3525,Gresik,Jawa Timur,146668
2025,3526,Bangkalan,Jawa Timur,27588
2025,3527,Sampang,Jawa Timur,25531
2025,3528,Pamekasan,Jawa Timur,27206
2025,3529,Sumenep,Jawa Timur,42090
2025,3571,Kota Kediri,Jawa Timur,581558
2025,3572,Kota Blitar,Jawa Timur,63146
2025,3573,Kota Malang,Jawa Timur,122919
2025,3574,Kota Probolinggo,Jawa Timur,65483
2025,3575,Kota Pasuruan,Jawa Timur,54006
2025,3576,Kota Mojokerto,Jawa Timur,66235
2025,3577,Kota Madiun,Jawa Timur,98078
2025,3578,Kota Surabaya,Jawa Timur,283306
2025,3579,Kota Batu,Jawa Timur,105197
2025,3601,Pandeglang,Banten,28956
2025,3602,Lebak,Banten,27720
2025,3603,Tangerang,Banten,58175
2025,3604,Serang,Banten,63282
2025,3671,Kota Tangerang,Banten,122822
2025,3672,Kota Cilegon,Banten,322680
2025,3673,Kota Serang,Banten,61646
2025,3674,Kota Tangerang Selatan,Banten,85481
2025,5101,Jembrana,Bali,55648
2025,5102,Tabanan,Bali,63914
2025,5103,Badung,Bali,142344
2025,5104,Gianyar,Bali,68130
2025,5105,Klungkung,Bali,57196
2025,5106,Bangli,Bali,34787
2025,5107,Karangasem,Bali,43211
2025,5108,Buleleng,Bali,54993
2025,5171,Kota Denpasar,Bali,93247
2025,5201,Lombok Barat,Nusa Tenggara Barat,26514
2025,5202,Lombok Tengah,Nusa Tenggara Barat,21389
2025,5203,Lombok Timur,Nusa Tenggara Barat,19643
2025,5204,Sumbawa,Nusa Tenggara Barat,36333
2025,5205,Dompu,Nusa Tenggara Barat,38110
2025,5206,Bima,Nusa Tenggara Barat,28315
2025,5207,Sumbawa Barat,Nusa Tenggara Barat,236192
2025,5208,Lombok Utara,Nusa Tenggara Barat,24028
2025,5271,Kota Mataram,Nusa Tenggara Barat,58091
2025,5272,Kota Bima,Nusa Tenggara Barat,34015
2025,5301,Kupang,Nusa Tenggara Timur,28501
2025,5302,Timor Tengah Selatan,Nusa Tenggara Timur,22462
2025,5303,Timor Tengah Utara,Nusa Tenggara Timur,19768
2025,5304,Belu,Nusa Tenggara Timur,26765
2025,5305,Alor,Nusa Tenggara Timur,18775
2025,5306,Flores Timur,Nusa Tenggara Timur,23514
2025,5307,Sikka,Nusa Tenggara Timur,21138
2025,5308,Ende,Nusa Tenggara Timur,30220
2025,5309,Ngada,Nusa Tenggara Timur,27065
2025,5310,Manggarai,Nusa Tenggara Timur,18756
2025,5311,Sumba Timur,Nusa Tenggara Timur,32391
2025,5312,Sumba Barat,Nusa Tenggara Timur,20625
2025,5313,Lembata,Nusa Tenggara Timur,16953
2025,5314,Rote Ndao,Nusa Tenggara Timur,27904
2025,5315,Manggarai Barat,Nusa Tenggara Timur,17758
2025,5316,Nagekeo,Nusa Tenggara Timur,17884
2025,5317,Sumba Tengah,Nusa Tenggara Timur,17674
2025,5318,Sumba Barat Daya,Nusa Tenggara Timur,15759
2025,5319,Manggarai Timur,Nusa Tenggara Timur,15228
2025,5320,Sabu Raijua,Nusa Tenggara Timur,19967
2025,5321,Malaka,Nusa Tenggara Timur,20661
2025,5371,Kota Kupang,Nusa Tenggara Timur,69462
2025,6101,Sambas,Kalimantan Barat,46816
2025,6102,Mempawah,Kalimantan Barat,43156
2025,6103,Sanggau,Kalimantan Barat,56955
2025,6104,Ketapang,Kalimantan Barat,73599
2025,6105,Sintang,Kalimantan Barat,50214
2025,6106,Kapuas Hulu,Kalimantan Barat,57839
2025,6107,Bengkayang,Kalimantan Barat,43286
2025,6108,Landak,Kalimantan Barat,38350
2025,6109,Sekadau,Kalimantan Barat,45650
2025,6110,Melawi,Kalimantan Barat,31658
2025,6111,Kayong Utara,Kalimantan Barat,46487
2025,6112,Kubu Raya,Kalimantan Barat,67996
2025,6171,Kota Pontianak,Kalimantan Barat,80795
2025,6172,Kota Singkawang,Kalimantan Barat,59799
2025,6201,Kotawaringin Barat,Kalimantan Tengah,121218
2025,6202,Kotawaringin Timur,Kalimantan Tengah,92974
2025,6203,Kapuas,Kalimantan Tengah,62149
2025,6204,Barito Selatan,Kalimantan Tengah,68431
2025,6205,Barito Utara,Kalimantan Tengah,88608
2025,6206,Katingan,Kalimantan Tengah,73108
2025,6207,Seruyan,Kalimantan Tengah,77173
2025,6208,Sukamara,Kalimantan Tengah,102440
2025,6209,Lamandau,Kalimantan Tengah,84143
2025,6210,Gunung Mas,Kalimantan Tengah,72365
2025,6211,Pulang Pisau,Kalimantan Tengah,58660
2025,6212,Murung Raya,Kalimantan Tengah,102963
2025,6213,Barito Timur,Kalimantan Tengah,94050
2025,6271,Kota Palangkaraya,Kalimantan Tengah,89938
2025,6301,Tanah Laut,Kalimantan Selatan,61730
2025,6302,Kotabaru,Kalimantan Selatan,115045
2025,6303,Banjar,Kalimantan Selatan,41993
2025,6304,Barito Kuala,Kalimantan Selatan,36345
2025,6305,Tapin,Kalimantan Selatan,76197
2025,6306,Hulu Sungai Selatan,Kalimantan Selatan,43972
2025,6307,Hulu Sungai Tengah,Kalimantan Selatan,37586
2025,6308,Hulu Sungai Utara,Kalimantan Selatan,29879
2025,6309,Tabalong,Kalimantan Selatan,126520
2025,6310,Tanah Bumbu,Kalimantan Selatan,110383
2025,6311,Balangan,Kalimantan Selatan,163763
2025,6371,Kota Banjarmasin,Kalimantan Selatan,73747
2025,6372,Kota Banjarbaru,Kalimantan Selatan,55615
2025,6401,Paser,Kalimantan Timur,196723
2025,6402,Kutai Kartanegara,Kalimantan Timur,249111
2025,6403,Berau,Kalimantan Timur,193391
2025,6407,Kutai Barat,Kalimantan Timur,229647
2025,6408,Kutai Timur,Kalimantan Timur,325075
2025,6409,Penajam Paser Utara,Kalimantan Timur,63809
2025,6411,Mahakam Ulu,Kalimantan Timur,118650
2025,6471,Kota Balikpapan,Kalimantan Timur,233398
2025,6472,Kota Samarinda,Kalimantan Timur,123222
2025,6474,Kota Bontang,Kalimantan Timur,371195
2025,6501,Bulungan,Kalimantan Utara,169985
2025,6502,Malinau,Kalimantan Utara,215362
2025,6503,Nunukan,Kalimantan Utara,199721
2025,6504,Tana Tidung,Kalimantan Utara,338606
2025,6571,Kota Tarakan,Kalimantan Utara,233098
2025,7101,Bolaang Mongondow,Sulawesi Utara,48346
2025,7102,Minahasa,Sulawesi Utara,73719
2025,7103,Kepulauan Sangihe,Sulawesi Utara,47327
2025,7104,Kepulauan Talaud,Sulawesi Utara,34231
2025,7105,Minahasa Selatan,Sulawesi Utara,56624
2025,7106,Minahasa Utara,Sulawesi Utara,94921
2025,7107,Minahasa Tenggara,Sulawesi Utara,65786
2025,7108,Bolaang Mongondow Utara,Sulawesi Utara,43741
2025,7109,Kepulauan Siau Tagulandang Biaro,Sulawesi Utara,49779
2025,7110,Bolaang Mongondow Timur,Sulawesi Utara,49812
2025,7111,Bolaang Mongondow Selatan,Sulawesi Utara,43721
2025,7171,Kota Manado,Sulawesi Utara,124429
2025,7172,Kota Bitung,Sulawesi Utara,115416
2025,7173,Kota Tomohon,Sulawesi Utara,60930
2025,7174,Kota Kotamobagu,Sulawesi Utara,43302
2025,7201,Banggai,Sulawesi Tengah,116747
2025,7202,Poso,Sulawesi Tengah,53881
2025,7203,Donggala,Sulawesi Tengah,58102
2025,7204,Toli-Toli,Sulawesi Tengah,50421
2025,7205,Buol,Sulawesi Tengah,56128
2025,7206,Morowali,Sulawesi Tengah,1072574
2025,7207,Banggai Kepulauan,Sulawesi Tengah,46829
2025,7208,Parigi Moutong,Sulawesi Tengah,54892
2025,7209,Tojo Una Una,Sulawesi Tengah,46555
2025,7210,Sigi,Sulawesi Tengah,49733
2025,7211,Banggai Laut,Sulawesi Tengah,47112
2025,7212,Morowali Utara,Sulawesi Tengah,292019
2025,7271,Kota Palu,Sulawesi Tengah,88383
2025,7301,Kepulauan Selayar,Sulawesi Selatan,62113
2025,7302,Bulukumba,Sulawesi Selatan,47114
2025,7303,Bantaeng,Sulawesi Selatan,68614
2025,7304,Jeneponto,Sulawesi Selatan,34111
2025,7305,Takalar,Sulawesi Selatan,44810
2025,7306,Gowa,Sulawesi Selatan,41352
2025,7307,Sinjai,Sulawesi Selatan,64462
2025,7308,Bone,Sulawesi Selatan,64758
2025,7309,Maros,Sulawesi Selatan,71360
2025,7310,Pangkajene dan Kepulauan,Sulawesi Selatan,104696
2025,7311,Barru,Sulawesi Selatan,56391
2025,7312,Soppeng,Sulawesi Selatan,72363
2025,7313,Wajo,Sulawesi Selatan,73458
2025,7314,Sidenreng Rappang,Sulawesi Selatan,65147
2025,7315,Pinrang,Sulawesi Selatan,66894
2025,7316,Enrekang,Sulawesi Selatan,46930
2025,7317,Luwu,Sulawesi Selatan,63453
2025,7318,Tana Toraja,Sulawesi Selatan,36984
2025,7322,Luwu Utara,Sulawesi Selatan,64542
2025,7324,Luwu Timur,Sulawesi Selatan,99873
2025,7326,Toraja Utara,Sulawesi Selatan,50626
2025,7371,Kota Makassar,Sulawesi Selatan,177335
2025,7372,Kota Parepare,Sulawesi Selatan,65017
2025,7373,Kota Palopo,Sulawesi Selatan,59373
2025,7401,Kolaka,Sulawesi Tenggara,162543
2025,7402,Konawe,Sulawesi Tenggara,86436
2025,7403,Muna,Sulawesi Tenggara,43630
2025,7404,Buton,Sulawesi Tenggara,45021
2025,7405,Konawe Selatan,Sulawesi Tenggara,57453
2025,7406,Bombana,Sulawesi Tenggara,59787
2025,7407,Wakatobi,Sulawesi Tenggara,54105
2025,7408,Kolaka Utara,Sulawesi Tenggara,87499
2025,7409,Konawe Utara,Sulawesi Tenggara,81765
2025,7410,Buton Utara,Sulawesi Tenggara,64715
2025,7411,Kolaka Timur,Sulawesi Tenggara,50590
2025,7412,Konawe Kepulauan,Sulawesi Tenggara,53970
2025,7413,Muna Barat,Sulawesi Tenggara,40657
2025,7414,Buton Tengah,Sulawesi Tenggara,27739
2025,7415,Buton Selatan,Sulawesi Tenggara,39990
2025,7471,Kota Kendari,Sulawesi Tenggara,85161
2025,7472,Kota Bau Bau,Sulawesi Tenggara,75897
2025,7501,Gorontalo,Gorontalo,44738
2025,7502,Boalemo,Gorontalo,48364
2025,7503,Bone Bolango,Gorontalo,37567
2025,7504,Pohuwato,Gorontalo,61035
2025,7505,Gorontalo Utara,Gorontalo,35474
2025,7571,Kota Gorontalo,Gorontalo,57693
2025,7601,Pasangkayu,Sulawesi Barat,89158
2025,7602,Mamuju,Sulawesi Barat,58093
2025,7603,Mamasa,Sulawesi Barat,23302
2025,7604,Polewali Mandar,Sulawesi Barat,38064
2025,7605,Majene,Sulawesi Barat,37831
2025,7606,Mamuju Tengah,Sulawesi Barat,35120
2025,8101,Maluku Tengah,Maluku,27364
2025,8102,Maluku Tenggara,Maluku,36623
2025,8103,Kepulauan Tanimbar,Maluku,29053
2025,8104,Buru,Maluku,23232
2025,8105,Seram Bagian Timur,Maluku,25244
2025,8106,Seram Bagian Barat,Maluku,18857
2025,8107,Kepulauan Aru,Maluku,46189
2025,8108,Maluku Barat Daya,Maluku,38809
2025,8109,Buru Selatan,Maluku,24203
2025,8171,Kota Ambon,Maluku,57375
2025,8172,Kota Tual,Maluku,38387
2025,8201,Halmahera Barat,Maluku Utara,22782
2025,8202,Halmahera Tengah,Maluku Utara,870960
2025,8203,Halmahera Utara,Maluku Utara,37306
2025,8204,Halmahera Selatan,Maluku Utara,114370
2025,8205,Kepulauan Sula,Maluku Utara,32723
2025,8206,Halmahera Timur,Maluku Utara,83278
2025,8207,Pulau Morotai,Maluku Utara,27112
2025,8208,Pulau Taliabu,Maluku Utara,36586
2025,8271,Kota Ternate,Maluku Utara,76451
2025,8272,Kota Tidore Kepulauan,Maluku Utara,33446
2025,9103,Jayapura,Papua,123134
2025,9105,Kepulauan Yapen,Papua,46062
2025,9106,Biak Numfor,Papua,47999
2025,9110,Sarmi,Papua,92898
2025,9111,Keerom,Papua,58532
2025,9115,Waropen,Papua,71600
2025,9119,Supiori,Papua,52420
2025,9120,Mamberamo Raya,Papua,60288
2025,9171,Kota Jayapura,Papua,99063
2025,9202,Manokwari,Papua Barat,57893
2025,9203,Fak Fak,Papua Barat,71791
2025,9206,Teluk Bintuni,Papua Barat,621837
2025,9207,Teluk Wondama,Papua Barat,41280
2025,9208,Kaimana,Papua Barat,47204
2025,9211,Manokwari Selatan,Papua Barat,26942
2025,9212,Pegunungan Arfak,Papua Barat,9122
2025,9301,Merauke,Papua Selatan,90054
2025,9302,Boven Digoel,Papua Selatan,87893
2025,9303,Mappi,Papua Selatan,35132
2025,9304,Asmat,Papua Selatan,30467
2025,9401,Nabire,Papua Tengah,91096
2025,9402,Puncak Jaya,Papua Tengah,7521
2025,9403,Paniai,Papua Tengah,23439
2025,9404,Mimika,Papua Tengah,395261
2025,9405,Puncak,Papua Tengah,15005
2025,9406,Dogiyai,Papua Tengah,13572
2025,9407,Intan Jaya,Papua Tengah,10644
2025,9408,Deiyai,Papua Tengah,17006
2025,9501,Jayawijaya,Papua Pegunungan,42841
2025,9502,Pegunungan Bintang,Papua Pegunungan,32347
2025,9503,Yahukimo,Papua Pegunungan,9100
2025,9504,Tolikara,Papua Pegunungan,9294
2025,9505,Mamberamo Tengah,Papua Pegunungan,30731
2025,9506,Yalimo,Papua Pegunungan,16823
2025,9507,Lanny Jaya,Papua Pegunungan,13063
2025,9508,Nduga,Papua Pegunungan,15107
2025,9601,Sorong,Papua Barat Daya,107902
2025,9602,Sorong Selatan,Papua Barat Daya,42834
2025,9603,Raja Ampat,Papua Barat Daya,60188
2025,9604,Tambrauw,Papua Barat Daya,10330
2025,9605,Maybrat,Papua Barat Daya,18437
2025,9671,Kota Sorong,Papua Barat Daya,59638
